Date,SPY_adj_close
2014-01-02,148.9860382080078
2014-01-03,148.9616241455078
2014-01-06,148.52987670898438
2014-01-07,149.44216918945312
2014-01-08,149.47474670410156
2014-01-09,149.5724639892578
2014-01-10,149.979736328125
2014-01-13,147.98422241210938
2014-01-14,149.59689331054688
2014-01-15,150.4032440185547
2014-01-16,150.20777893066406
2014-01-17,149.5724639892578
2014-01-21,150.0122833251953
2014-01-22,150.1100311279297
2014-01-23,148.88015747070312
2014-01-24,145.70364379882812
2014-01-27,144.9869384765625
2014-01-28,145.8502655029297
2014-01-29,144.44935607910156
2014-01-30,145.9805450439453
2014-01-31,145.12538146972656
2014-02-03,141.85928344726562
2014-02-04,142.8529052734375
2014-02-05,142.67373657226562
2014-02-06,144.55519104003906
2014-02-07,146.34706115722656
2014-02-10,146.61590576171875
2014-02-11,148.2204132080078
2014-02-12,148.29376220703125
2014-02-13,149.05938720703125
2014-02-14,149.88198852539062
2014-02-18,150.0612030029297
2014-02-19,149.06747436523438
2014-02-20,149.94711303710938
2014-02-21,149.7760772705078
2014-02-24,150.60690307617188
2014-02-25,150.54986572265625
2014-02-26,150.55801391601562
2014-02-27,151.34808349609375
2014-02-28,151.73086547851562
2014-03-03,150.6638946533203
2014-03-04,152.78155517578125
2014-03-05,152.91998291015625
2014-03-06,153.27024841308594
2014-03-07,153.33544921875
2014-03-10,153.25392150878906
2014-03-11,152.49642944335938
2014-03-12,152.53720092773438
2014-03-13,150.8267822265625
2014-03-14,150.4032440185547
2014-03-17,151.763427734375
2014-03-18,152.84674072265625
2014-03-19,152.0322265625
2014-03-20,152.91998291015625
2014-03-21,152.32687377929688
2014-03-24,151.69699096679688
2014-03-25,152.41688537597656
2014-03-26,151.3206787109375
2014-03-27,151.0016326904297
2014-03-28,151.7460479736328
2014-03-31,152.9895477294922
2014-04-01,154.00399780273438
2014-04-02,154.51934814453125
2014-04-03,154.31483459472656
2014-04-04,152.49046325683594
2014-04-07,150.8052978515625
2014-04-08,151.427001953125
2014-04-09,153.05494689941406
2014-04-10,149.8399200439453
2014-04-11,148.49008178710938
2014-04-14,149.6599578857422
2014-04-15,150.6907196044922
2014-04-16,152.2696533203125
2014-04-17,152.4823455810547
2014-04-21,153.01412963867188
2014-04-22,153.70947265625
2014-04-23,153.3494873046875
2014-04-24,153.66033935546875
2014-04-25,152.40054321289062
2014-04-28,152.88316345214844
2014-04-29,153.59495544433594
2014-04-30,154.05311584472656
2014-05-01,154.06939697265625
2014-05-02,153.84852600097656
2014-05-05,154.14305114746094
2014-05-06,152.80140686035156
2014-05-07,153.70126342773438
2014-05-08,153.53762817382812
2014-05-09,153.76669311523438
2014-05-12,155.26382446289062
2014-05-13,155.40293884277344
2014-05-14,154.66661071777344
2014-05-15,153.30860900878906
2014-05-16,153.84034729003906
2014-05-19,154.4048614501953
2014-05-20,153.43125915527344
2014-05-21,154.72389221191406
2014-05-22,155.10025024414062
2014-05-23,155.7219696044922
2014-05-27,156.6791229248047
2014-05-28,156.5645751953125
2014-05-29,157.3744659423828
2014-05-30,157.62803649902344
2014-06-02,157.80804443359375
2014-06-03,157.72625732421875
2014-06-04,158.0452880859375
2014-06-05,159.07611083984375
2014-06-06,159.83694458007812
2014-06-09,160.0005340576172
2014-06-10,160.01687622070312
2014-06-11,159.46060180664062
2014-06-12,158.3315887451172
2014-06-13,158.8142852783203
2014-06-16,158.94522094726562
2014-06-17,159.38690185546875
2014-06-18,160.55679321289062
2014-06-19,160.73678588867188
2014-06-20,161.06312561035156
2014-06-23,161.01380920410156
2014-06-24,160.0438690185547
2014-06-25,160.76718139648438
2014-06-26,160.65211486816406
2014-06-27,160.96449279785156
2014-06-30,160.8822784423828
2014-07-01,161.95912170410156
2014-07-02,162.12351989746094
2014-07-03,162.9208526611328
2014-07-07,162.35365295410156
2014-07-08,161.30975341796875
2014-07-09,162.03314208984375
2014-07-10,161.3919677734375
2014-07-11,161.61387634277344
2014-07-14,162.4276580810547
2014-07-15,162.12351989746094
2014-07-16,162.7235565185547
2014-07-17,160.87405395507812
2014-07-18,162.51806640625
2014-07-21,162.21395874023438
2014-07-22,162.9208526611328
2014-07-23,163.2825164794922
2014-07-24,163.29063415527344
2014-07-25,162.52626037597656
2014-07-28,162.59207153320312
2014-07-29,161.89332580566406
2014-07-30,161.91796875
2014-07-31,158.7204132080078
2014-08-01,158.23544311523438
2014-08-04,159.37802124023438
2014-08-05,157.83265686035156
2014-08-06,157.88197326660156
2014-08-07,157.02711486816406
2014-08-08,158.84371948242188
2014-08-11,159.30404663085938
2014-08-12,159.0820770263672
2014-08-13,160.1588897705078
2014-08-14,160.9151153564453
2014-08-15,160.8822784423828
2014-08-18,162.23036193847656
2014-08-19,163.07701110839844
2014-08-20,163.5126495361328
2014-08-21,163.9893798828125
2014-08-22,163.734619140625
2014-08-25,164.5648651123047
2014-08-26,164.67172241210938
2014-08-27,164.60598754882812
2014-08-28,164.5155487060547
2014-08-29,164.9840850830078
2014-09-02,164.90188598632812
2014-09-03,164.8114776611328
2014-09-04,164.57310485839844
2014-09-05,165.31289672851562
2014-09-08,164.88540649414062
2014-09-09,163.8415069580078
2014-09-10,164.45797729492188
2014-09-11,164.6470184326172
2014-09-12,163.685302734375
2014-09-15,163.56201171875
2014-09-16,164.79498291015625
2014-09-17,165.0169677734375
2014-09-18,165.89645385742188
2014-09-19,165.74697875976562
2014-09-22,164.46694946289062
2014-09-23,163.52548217773438
2014-09-24,164.80557250976562
2014-09-25,162.14634704589844
2014-09-26,163.4346466064453
2014-09-29,163.13734436035156
2014-09-30,162.70794677734375
2014-10-01,160.50294494628906
2014-10-02,160.5277099609375
2014-10-03,162.2949981689453
2014-10-06,162.10504150390625
2014-10-07,159.6027374267578
2014-10-08,162.39407348632812
2014-10-09,159.17327880859375
2014-10-10,157.35641479492188
2014-10-13,154.77157592773438
2014-10-14,155.01104736328125
2014-10-15,153.96218872070312
2014-10-16,153.83006286621094
2014-10-17,155.64700317382812
2014-10-20,157.15821838378906
2014-10-21,160.27163696289062
2014-10-22,159.13198852539062
2014-10-23,160.98190307617188
2014-10-24,162.220703125
2014-10-27,161.99771118164062
2014-10-28,163.8558349609375
2014-10-29,163.60809326171875
2014-10-30,164.65687561035156
2014-10-31,166.53985595703125
2014-11-03,166.63064575195312
2014-11-04,166.0525665283203
2014-11-05,167.10147094726562
2014-11-06,167.7703399658203
2014-11-07,167.92723083496094
2014-11-10,168.45578002929688
2014-11-11,168.6209716796875
2014-11-12,168.43927001953125
2014-11-13,168.62925720214844
2014-11-14,168.6704864501953
2014-11-17,168.77786254882812
2014-11-18,169.7523956298828
2014-11-19,169.47982788085938
2014-11-20,169.77720642089844
2014-11-21,170.68557739257812
2014-11-24,171.16455078125
2014-11-25,171.04071044921875
2014-11-26,171.47840881347656
2014-11-28,171.11500549316406
2014-12-01,169.92578125
2014-12-02,171.0242156982422
2014-12-03,171.68482971191406
2014-12-04,171.49493408203125
2014-12-05,171.7757110595703
2014-12-08,170.62774658203125
2014-12-09,170.5121612548828
2014-12-10,167.7786407470703
2014-12-11,168.62925720214844
2014-12-12,165.90394592285156
2014-12-15,164.76419067382812
2014-12-16,163.44296264648438
2014-12-17,166.64718627929688
2014-12-18,170.7681427001953
2014-12-19,171.49473571777344
2014-12-22,172.2836151123047
2014-12-23,172.51612854003906
2014-12-24,172.5327606201172
2014-12-26,173.08914184570312
2014-12-29,173.3216094970703
2014-12-30,172.39158630371094
2014-12-31,170.6809539794922
2015-01-02,170.58961486816406
2015-01-05,167.50881958007812
2015-01-06,165.9310760498047
2015-01-07,167.99874877929688
2015-01-08,170.97987365722656
2015-01-09,169.6097412109375
2015-01-12,168.2810821533203
2015-01-13,167.80775451660156
2015-01-14,166.79464721679688
2015-01-15,165.26675415039062
2015-01-16,167.43406677246094
2015-01-20,167.7911376953125
2015-01-21,168.6381378173828
2015-01-22,171.14605712890625
2015-01-23,170.20765686035156
2015-01-26,170.6062469482422
2015-01-27,168.3557891845703
2015-01-28,166.19680786132812
2015-01-29,167.73306274414062
2015-01-30,165.6238250732422
2015-02-02,167.67489624023438
2015-02-03,170.09967041015625
2015-02-04,169.4519500732422
2015-02-05,171.16262817382812
2015-02-06,170.6892852783203
2015-02-09,169.92526245117188
2015-02-10,171.73556518554688
2015-02-11,171.83523559570312
2015-02-12,173.48773193359375
2015-02-13,174.20184326171875
2015-02-17,174.4758758544922
2015-02-18,174.49252319335938
2015-02-19,174.36795043945312
2015-02-20,175.4142608642578
2015-02-23,175.3893280029297
2015-02-24,175.8875732421875
2015-02-25,175.73809814453125
2015-02-26,175.5305633544922
2015-02-27,174.9326629638672
2015-03-02,176.03704833984375
2015-03-03,175.3146209716797
2015-03-04,174.5755615234375
2015-03-05,174.76654052734375
2015-03-06,172.30853271484375
2015-03-09,173.022705078125
2015-03-10,170.2159423828125
2015-03-11,169.8173828125
2015-03-12,171.97640991210938
2015-03-13,170.9217987060547
2015-03-16,173.20541381835938
2015-03-17,172.6905517578125
2015-03-18,174.76654052734375
2015-03-19,173.96937561035156
2015-03-20,175.50494384765625
2015-03-23,175.16299438476562
2015-03-24,174.1787567138672
2015-03-25,171.62637329101562
2015-03-26,171.21763610839844
2015-03-27,171.6096649169922
2015-03-30,173.7032928466797
2015-03-31,172.18524169921875
2015-04-01,171.5763397216797
2015-04-02,172.1935577392578
2015-04-06,173.35299682617188
2015-04-07,172.89418029785156
2015-04-08,173.47802734375
2015-04-09,174.24542236328125
2015-04-10,175.19631958007812
2015-04-13,174.40396118164062
2015-04-14,174.7376251220703
2015-04-15,175.52163696289062
2015-04-16,175.4716033935547
2015-04-17,173.45303344726562
2015-04-20,175.03787231445312
2015-04-21,174.82936096191406
2015-04-22,175.68844604492188
2015-04-23,176.13052368164062
2015-04-24,176.53919982910156
2015-04-27,175.80523681640625
2015-04-28,176.3640899658203
2015-04-29,175.63839721679688
2015-04-30,173.8784942626953
2015-05-01,175.7635498046875
2015-05-04,176.263916015625
2015-05-05,174.24542236328125
2015-05-06,173.5281219482422
2015-05-07,174.2203826904297
2015-05-08,176.51419067382812
2015-05-11,175.67178344726562
2015-05-12,175.14625549316406
2015-05-13,175.1796112060547
2015-05-14,177.00634765625
2015-05-15,177.19822692871094
2015-05-18,177.7487030029297
2015-05-19,177.69032287597656
2015-05-20,177.56520080566406
2015-05-21,178.0823974609375
2015-05-22,177.65699768066406
2015-05-26,175.74684143066406
2015-05-27,177.4150390625
2015-05-28,177.2148895263672
2015-05-29,176.11386108398438
2015-06-01,176.4725341796875
2015-06-02,176.29739379882812
2015-06-03,176.7644500732422
2015-06-04,175.27139282226562
2015-06-05,174.9711456298828
2015-06-08,173.89505004882812
2015-06-09,173.87008666992188
2015-06-10,175.9553680419922
2015-06-11,176.52255249023438
2015-06-12,175.17127990722656
2015-06-15,174.42066955566406
2015-06-16,175.37149047851562
2015-06-17,175.65509033203125
2015-06-18,177.48178100585938
2015-06-19,176.69393920898438
2015-06-22,177.59912109375
2015-06-23,177.72491455078125
2015-06-24,176.4341278076172
2015-06-25,175.8976593017578
2015-06-26,175.86410522460938
2015-06-29,172.17616271972656
2015-06-30,172.53662109375
2015-07-01,173.91957092285156
2015-07-02,173.76036071777344
2015-07-06,173.26577758789062
2015-07-07,174.35543823242188
2015-07-08,171.43023681640625
2015-07-09,171.7403564453125
2015-07-10,173.9027862548828
2015-07-13,175.8222198486328
2015-07-14,176.58489990234375
2015-07-15,176.5262451171875
2015-07-16,177.94276428222656
2015-07-17,178.0936279296875
2015-07-20,178.1858367919922
2015-07-21,177.48178100585938
2015-07-22,177.16326904296875
2015-07-23,176.1658477783203
2015-07-24,174.33865356445312
2015-07-27,173.32443237304688
2015-07-28,175.4534454345703
2015-07-29,176.66038513183594
2015-07-30,176.70228576660156
2015-07-31,176.4341278076172
2015-08-03,175.83901977539062
2015-08-04,175.49533081054688
2015-08-05,176.0736846923828
2015-08-06,174.63198852539062
2015-08-07,174.29676818847656
2015-08-10,176.49276733398438
2015-08-11,174.9002227783203
2015-08-12,175.1097869873047
2015-08-13,174.89190673828125
2015-08-14,175.5288543701172
2015-08-17,176.50950622558594
2015-08-18,175.9982147216797
2015-08-19,174.6068572998047
2015-08-20,170.9608612060547
2015-08-21,165.814453125
2015-08-24,158.83258056640625
2015-08-25,156.96347045898438
2015-08-26,162.98995971679688
2015-08-27,167.021484375
2015-08-28,167.02987670898438
2015-08-31,165.68038940429688
2015-09-01,160.73516845703125
2015-09-02,163.78614807128906
2015-09-03,163.90347290039062
2015-09-04,161.42254638671875
2015-09-08,165.47923278808594
2015-09-09,163.2664794921875
2015-09-10,164.15492248535156
2015-09-11,164.90089416503906
2015-09-14,164.28907775878906
2015-09-15,166.3425750732422
2015-09-16,167.78421020507812
2015-09-17,167.40701293945312
2015-09-18,164.67135620117188
2015-09-21,165.52230834960938
2015-09-22,163.37384033203125
2015-09-23,163.1127166748047
2015-09-24,162.5229034423828
2015-09-25,162.4807586669922
2015-09-28,158.40298461914062
2015-09-29,158.4956512451172
2015-09-30,161.4529266357422
2015-10-01,161.87413024902344
2015-10-02,164.2921905517578
2015-10-05,167.2157745361328
2015-10-06,166.642822265625
2015-10-07,168.0077667236328
2015-10-08,169.5242919921875
2015-10-09,169.6254119873047
2015-10-12,169.7854461669922
2015-10-13,168.71548461914062
2015-10-14,167.9066619873047
2015-10-15,170.4848175048828
2015-10-16,171.25987243652344
2015-10-19,171.34417724609375
2015-10-20,171.1251220703125
2015-10-21,170.06353759765625
2015-10-22,172.93653869628906
2015-10-23,174.83224487304688
2015-10-26,174.4025115966797
2015-10-27,174.0654296875
2015-10-28,176.04541015625
2015-10-29,175.94432067871094
2015-10-30,175.18609619140625
2015-11-02,177.25868225097656
2015-11-03,177.7725830078125
2015-11-04,177.23341369628906
2015-11-05,177.05648803710938
2015-11-06,176.9637451171875
2015-11-09,175.3124542236328
2015-11-10,175.71682739257812
2015-11-11,175.02598571777344
2015-11-12,172.58267211914062
2015-11-13,170.64480590820312
2015-11-16,173.2398223876953
2015-11-17,173.1134490966797
2015-11-18,175.8600616455078
2015-11-19,175.7084197998047
2015-11-20,176.34872436523438
2015-11-23,176.14654541015625
2015-11-24,176.38241577148438
2015-11-25,176.35716247558594
2015-11-27,176.55935668945312
2015-11-30,175.8263702392578
2015-12-01,177.5029754638672
2015-12-02,175.69155883789062
2015-12-03,173.23141479492188
2015-12-04,176.60986328125
2015-12-07,175.53990173339844
2015-12-08,174.3603973388672
2015-12-09,173.00390625
2015-12-10,173.45050048828125
2015-12-11,170.0887908935547
2015-12-14,170.94815063476562
2015-12-15,172.74269104003906
2015-12-16,175.27023315429688
2015-12-17,172.59950256347656
2015-12-18,169.52462768554688
2015-12-21,170.9230499267578
2015-12-22,172.47409057617188
2015-12-23,174.60987854003906
2015-12-24,174.32167053222656
2015-12-28,173.92332458496094
2015-12-29,175.77952575683594
2015-12-30,174.53358459472656
2015-12-31,172.7876739501953
2016-01-04,170.37217712402344
2016-01-05,170.6602783203125
2016-01-06,168.50758361816406
2016-01-07,164.46487426757812
2016-01-08,162.65953063964844
2016-01-11,162.82064819335938
2016-01-12,164.13430786132812
2016-01-13,160.04066467285156
2016-01-14,162.66806030273438
2016-01-15,159.17616271972656
2016-01-19,159.38809204101562
2016-01-20,157.3455047607422
2016-01-21,158.22694396972656
2016-01-22,161.47300720214844
2016-01-25,159.03213500976562
2016-01-26,161.20181274414062
2016-01-27,159.44741821289062
2016-01-28,160.27801513671875
2016-01-29,164.18515014648438
2016-02-01,164.12579345703125
2016-02-02,161.16793823242188
2016-02-03,162.1341094970703
2016-02-04,162.38833618164062
2016-02-05,159.2947998046875
2016-02-08,157.15057373046875
2016-02-09,157.15907287597656
2016-02-10,157.02340698242188
2016-02-11,154.98086547851562
2016-02-12,158.17604064941406
2016-02-16,160.84580993652344
2016-02-17,163.4732208251953
2016-02-18,162.8036651611328
2016-02-19,162.72740173339844
2016-02-22,165.08352661132812
2016-02-23,162.9986114501953
2016-02-24,163.74441528320312
2016-02-25,165.72767639160156
2016-02-26,165.34629821777344
2016-02-29,164.04953002929688
2016-03-01,167.90585327148438
2016-03-02,168.66015625
2016-03-03,169.32119750976562
2016-03-04,169.87210083007812
2016-03-07,170.0077362060547
2016-03-08,168.15158081054688
2016-03-09,168.982177734375
2016-03-10,169.11773681640625
2016-03-11,171.84686279296875
2016-03-14,171.6265869140625
2016-03-15,171.3468017578125
2016-03-16,172.33847045898438
2016-03-17,173.43179321289062
2016-03-18,174.11331176757812
2016-03-21,174.3604278564453
2016-03-22,174.26666259765625
2016-03-23,173.11659240722656
2016-03-24,173.0398712158203
2016-03-28,173.14215087890625
2016-03-29,174.74375915527344
2016-03-30,175.51043701171875
2016-03-31,175.08447265625
2016-04-01,176.27713012695312
2016-04-04,175.70635986328125
2016-04-05,173.9514923095703
2016-04-06,175.85121154785156
2016-04-07,173.74696350097656
2016-04-08,174.2155303955078
2016-04-11,173.80661010742188
2016-04-12,175.42523193359375
2016-04-13,177.19723510742188
2016-04-14,177.2057647705078
2016-04-15,177.0098419189453
2016-04-18,178.25360107421875
2016-04-19,178.81588745117188
2016-04-20,178.9862060546875
2016-04-21,178.0235595703125
2016-04-22,178.0235595703125
2016-04-25,177.71690368652344
2016-04-26,177.98094177246094
2016-04-27,178.3472900390625
2016-04-28,176.72866821289062
2016-04-29,175.77450561523438
2016-05-02,177.17164611816406
2016-05-03,175.6297607421875
2016-05-04,174.64999389648438
2016-05-05,174.61593627929688
2016-05-06,175.25485229492188
2016-05-09,175.39968872070312
2016-05-10,177.58056640625
2016-05-11,175.9193878173828
2016-05-12,175.97047424316406
2016-05-13,174.43701171875
2016-05-16,176.15794372558594
2016-05-17,174.5137176513672
2016-05-18,174.5648193359375
2016-05-19,173.9599609375
2016-05-20,175.0589599609375
2016-05-23,174.82044982910156
2016-05-24,177.08648681640625
2016-05-25,178.2876434326172
2016-05-26,178.3387908935547
2016-05-27,179.10549926757812
2016-05-31,178.76473999023438
2016-06-01,179.13108825683594
2016-06-02,179.67628479003906
2016-06-03,179.13958740234375
2016-06-06,180.0511016845703
2016-06-07,180.33226013183594
2016-06-08,180.92005920410156
2016-06-09,180.67303466796875
2016-06-10,178.96066284179688
2016-06-13,177.58056640625
2016-06-14,177.23129272460938
2016-06-15,176.98426818847656
2016-06-16,177.51243591308594
2016-06-17,176.8513946533203
2016-06-20,177.99029541015625
2016-06-21,178.49554443359375
2016-06-22,178.20433044433594
2016-06-23,180.5250701904297
2016-06-24,174.0425567626953
2016-06-27,170.92552185058594
2016-06-28,174.00830078125
2016-06-29,176.9712371826172
2016-06-30,179.38612365722656
2016-07-01,179.76283264160156
2016-07-05,178.4698028564453
2016-07-06,179.54029846191406
2016-07-07,179.42893981933594
2016-07-08,182.10072326660156
2016-07-11,182.74295043945312
2016-07-12,184.07028198242188
2016-07-13,184.0446014404297
2016-07-14,185.07220458984375
2016-07-15,184.82383728027344
2016-07-18,185.32052612304688
2016-07-19,185.13214111328125
2016-07-20,185.90281677246094
2016-07-21,185.20066833496094
2016-07-22,186.03126525878906
2016-07-25,185.5260772705078
2016-07-26,185.6116943359375
2016-07-27,185.41476440429688
2016-07-28,185.62881469726562
2016-07-29,185.92852783203125
2016-08-01,185.77438354492188
2016-08-02,184.5840301513672
2016-08-03,185.12353515625
2016-08-04,185.32052612304688
2016-08-05,186.8362274169922
2016-08-08,186.72500610351562
2016-08-09,186.8362274169922
2016-08-10,186.3738250732422
2016-08-11,187.23876953125
2016-08-12,187.07601928710938
2016-08-15,187.61557006835938
2016-08-16,186.64785766601562
2016-08-17,186.99896240234375
2016-08-18,187.41854858398438
2016-08-19,187.14454650878906
2016-08-22,187.13595581054688
2016-08-23,187.5127410888672
2016-08-24,186.5536346435547
2016-08-25,186.42520141601562
2016-08-26,186.0740966796875
2016-08-29,186.99041748046875
2016-08-30,186.68214416503906
2016-08-31,186.1511688232422
2016-09-01,186.15980529785156
2016-09-02,186.99896240234375
2016-09-06,187.56414794921875
2016-09-07,187.5470428466797
2016-09-08,187.11883544921875
2016-09-09,182.64019775390625
2016-09-12,185.26060485839844
2016-09-13,182.597412109375
2016-09-14,182.5288848876953
2016-09-15,184.35287475585938
2016-09-16,183.64024353027344
2016-09-19,183.6746826171875
2016-09-20,183.68331909179688
2016-09-21,185.74891662597656
2016-09-22,186.9193878173828
2016-09-23,185.89515686035156
2016-09-26,184.3889617919922
2016-09-27,185.53375244140625
2016-09-28,186.45465087890625
2016-09-29,184.76771545410156
2016-09-30,186.16200256347656
2016-10-03,185.71444702148438
2016-10-04,184.76771545410156
2016-10-05,185.58534240722656
2016-10-06,185.71444702148438
2016-10-07,185.0775604248047
2016-10-10,186.04150390625
2016-10-11,183.69187927246094
2016-10-12,183.93284606933594
2016-10-13,183.33035278320312
2016-10-14,183.42506408691406
2016-10-17,182.7881622314453
2016-10-18,183.93284606933594
2016-10-19,184.42344665527344
2016-10-20,184.0791778564453
2016-10-21,184.16525268554688
2016-10-24,184.94842529296875
2016-10-25,184.3288116455078
2016-10-26,183.95867919921875
2016-10-27,183.46812438964844
2016-10-28,182.9259033203125
2016-10-31,182.93447875976562
2016-11-01,181.60903930664062
2016-11-02,180.51605224609375
2016-11-03,179.6898193359375
2016-11-04,179.49180603027344
2016-11-07,183.4508819580078
2016-11-08,184.2771453857422
2016-11-09,186.2308349609375
2016-11-10,186.69561767578125
2016-11-11,186.26527404785156
2016-11-14,186.41156005859375
2016-11-15,187.86605834960938
2016-11-16,187.51321411132812
2016-11-17,188.47715759277344
2016-11-18,188.05545043945312
2016-11-21,189.47555541992188
2016-11-22,189.8456268310547
2016-11-23,189.94886779785156
2016-11-25,190.65467834472656
2016-11-28,189.75953674316406
2016-11-29,190.12965393066406
2016-11-30,189.6735076904297
2016-12-01,188.97640991210938
2016-12-02,189.07102966308594
2016-12-05,190.20713806152344
2016-12-06,190.8096160888672
2016-12-07,193.30557250976562
2016-12-08,193.77886962890625
2016-12-09,194.94937133789062
2016-12-12,194.72561645507812
2016-12-13,196.02520751953125
2016-12-14,194.4071807861328
2016-12-15,195.2075653076172
2016-12-16,194.82579040527344
2016-12-19,195.24996948242188
2016-12-20,196.00315856933594
2016-12-21,195.45782470703125
2016-12-22,195.12014770507812
2016-12-23,195.40586853027344
2016-12-27,195.89065551757812
2016-12-28,194.27175903320312
2016-12-29,194.22842407226562
2016-12-30,193.51852416992188
2017-01-03,194.9989471435547
2017-01-04,196.15907287597656
2017-01-05,196.00315856933594
2017-01-06,196.7044219970703
2017-01-09,196.05516052246094
2017-01-10,196.05516052246094
2017-01-11,196.6092529296875
2017-01-12,196.11572265625
2017-01-13,196.56597900390625
2017-01-17,195.87335205078125
2017-01-18,196.3061981201172
2017-01-19,195.5789794921875
2017-01-20,196.2975311279297
2017-01-23,195.78677368164062
2017-01-24,197.04209899902344
2017-01-25,198.7476348876953
2017-01-26,198.53982543945312
2017-01-27,198.2281951904297
2017-01-30,196.9987335205078
2017-01-31,196.9814910888672
2017-02-01,197.05938720703125
2017-02-02,197.18931579589844
2017-02-03,198.54849243164062
2017-02-06,198.19349670410156
2017-02-07,198.20217895507812
2017-02-08,198.4619140625
2017-02-09,199.6392822265625
2017-02-10,200.42710876464844
2017-02-13,201.51795959472656
2017-02-14,202.32305908203125
2017-02-15,203.3793182373047
2017-02-16,203.20616149902344
2017-02-17,203.5264892578125
2017-02-21,204.73849487304688
2017-02-22,204.5567169189453
2017-02-23,204.69522094726562
2017-02-24,204.9549560546875
2017-02-27,205.27528381347656
2017-02-28,204.72117614746094
2017-03-01,207.5867919921875
2017-03-02,206.27951049804688
2017-03-03,206.40939331054688
2017-03-06,205.79473876953125
2017-03-07,205.17999267578125
2017-03-08,204.79905700683594
2017-03-09,205.058837890625
2017-03-10,205.7774200439453
2017-03-13,205.88128662109375
2017-03-14,205.093505859375
2017-03-15,206.8681640625
2017-03-16,206.46133422851562
2017-03-17,206.09872436523438
2017-03-20,205.87269592285156
2017-03-21,203.22935485839844
2017-03-22,203.70761108398438
2017-03-23,203.49021911621094
2017-03-24,203.34239196777344
2017-03-27,203.13375854492188
2017-03-28,204.6118927001953
2017-03-29,204.8031768798828
2017-03-30,205.45530700683594
2017-03-31,204.97711181640625
2017-04-03,204.6205596923828
2017-04-04,204.7509765625
2017-04-05,204.14230346679688
2017-04-06,204.7162322998047
2017-04-07,204.50758361816406
2017-04-10,204.62928771972656
2017-04-11,204.38584899902344
2017-04-12,203.49021911621094
2017-04-13,202.16854858398438
2017-04-17,203.9597930908203
2017-04-18,203.3511199951172
2017-04-19,202.97723388671875
2017-04-20,204.62928771972656
2017-04-21,203.97714233398438
2017-04-24,206.22042846679688
2017-04-25,207.42044067382812
2017-04-26,207.2899169921875
2017-04-27,207.4638671875
2017-04-28,207.01171875
2017-05-01,207.5333709716797
2017-05-02,207.61172485351562
2017-05-03,207.3595428466797
2017-05-04,207.60296630859375
2017-05-05,208.42025756835938
2017-05-08,208.3855438232422
2017-05-09,208.1942138671875
2017-05-10,208.56814575195312
2017-05-11,208.14210510253906
2017-05-12,207.7942352294922
2017-05-15,208.94198608398438
2017-05-16,208.75070190429688
2017-05-17,205.04661560058594
2017-05-18,205.87269592285156
2017-05-19,207.21165466308594
2017-05-22,208.2638397216797
2017-05-23,208.72467041015625
2017-05-24,209.2115478515625
2017-05-25,210.2115020751953
2017-05-26,210.16806030273438
2017-05-30,209.9854278564453
2017-05-31,209.9332733154297
2017-06-01,211.6027069091797
2017-06-02,212.30697631835938
2017-06-05,212.1504669189453
2017-06-06,211.47225952148438
2017-06-07,211.863525390625
2017-06-08,211.96788024902344
2017-06-09,211.64620971679688
2017-06-12,211.6027069091797
2017-06-13,212.63746643066406
2017-06-14,212.3678741455078
2017-06-15,211.959228515625
2017-06-16,212.0054931640625
2017-06-19,213.7705078125
2017-06-20,212.32876586914062
2017-06-21,212.27639770507812
2017-06-22,212.18023681640625
2017-06-23,212.43365478515625
2017-06-26,212.57345581054688
2017-06-27,210.8608856201172
2017-06-28,212.7481689453125
2017-06-29,210.87838745117188
2017-06-30,211.27154541015625
2017-07-03,211.6298065185547
2017-07-05,212.11911010742188
2017-07-06,210.17938232421875
2017-07-07,211.54244995117188
2017-07-10,211.76959228515625
2017-07-11,211.61233520507812
2017-07-12,213.20257568359375
2017-07-13,213.56085205078125
2017-07-14,214.5568389892578
2017-07-17,214.5306396484375
2017-07-18,214.64422607421875
2017-07-19,215.80630493164062
2017-07-20,215.9024200439453
2017-07-21,215.710205078125
2017-07-24,215.6577911376953
2017-07-25,216.18202209472656
2017-07-26,216.19073486328125
2017-07-27,215.9898223876953
2017-07-28,215.7364501953125
2017-07-31,215.6141357421875
2017-08-01,216.0946044921875
2017-08-02,216.19944763183594
2017-08-03,215.78009033203125
2017-08-04,216.17327880859375
2017-08-07,216.57522583007812
2017-08-08,216.04222106933594
2017-08-09,216.0334930419922
2017-08-10,212.984130859375
2017-08-11,213.29864501953125
2017-08-14,215.4131622314453
2017-08-15,215.38693237304688
2017-08-16,215.7626190185547
2017-08-17,212.3987274169922
2017-08-18,212.0666961669922
2017-08-21,212.23265075683594
2017-08-22,214.45205688476562
2017-08-23,213.68309020996094
2017-08-24,213.18505859375
2017-08-25,213.68309020996094
2017-08-28,213.69186401367188
2017-08-29,213.93653869628906
2017-08-30,214.9500274658203
2017-08-31,216.24319458007812
2017-09-01,216.54896545410156
2017-09-05,214.9937286376953
2017-09-06,215.72769165039062
2017-09-07,215.70143127441406
2017-09-08,215.4480743408203
2017-09-11,217.7459716796875
2017-09-12,218.47994995117188
2017-09-13,218.58482360839844
2017-09-14,218.51490783691406
2017-09-15,218.80906677246094
2017-09-18,219.27442932128906
2017-09-19,219.4939727783203
2017-09-20,219.57296752929688
2017-09-21,218.98468017578125
2017-09-22,219.02859497070312
2017-09-25,218.5807647705078
2017-09-26,218.71249389648438
2017-09-27,219.564208984375
2017-09-28,219.82762145996094
2017-09-29,220.60037231445312
2017-10-02,221.55747985839844
2017-10-03,222.03163146972656
2017-10-04,222.2950897216797
2017-10-05,223.61221313476562
2017-10-06,223.3575439453125
2017-10-09,222.98873901367188
2017-10-10,223.57708740234375
2017-10-11,223.92828369140625
2017-10-12,223.59461975097656
2017-10-13,223.86683654785156
2017-10-16,224.1653594970703
2017-10-17,224.32345581054688
2017-10-18,224.54296875
2017-10-19,224.60443115234375
2017-10-20,225.7634735107422
2017-10-23,224.88543701171875
2017-10-24,225.2805633544922
2017-10-25,224.1653594970703
2017-10-26,224.45516967773438
2017-10-27,226.2903289794922
2017-10-30,225.44737243652344
2017-10-31,225.79856872558594
2017-11-01,226.0971221923828
2017-11-02,226.1849822998047
2017-11-03,226.9401397705078
2017-11-06,227.2913818359375
2017-11-07,227.13328552246094
2017-11-08,227.5196075439453
2017-11-09,226.6942596435547
2017-11-10,226.62396240234375
2017-11-13,226.83470153808594
2017-11-14,226.30789184570312
2017-11-15,225.17514038085938
2017-11-16,227.0894012451172
2017-11-17,226.4220428466797
2017-11-20,226.80841064453125
2017-11-21,228.29234313964844
2017-11-22,228.0903778076172
2017-11-24,228.6172332763672
2017-11-27,228.5030975341797
2017-11-28,230.82119750976562
2017-11-29,230.6807403564453
2017-11-30,232.70033264160156
2017-12-01,232.2174072265625
2017-12-04,231.93641662597656
2017-12-05,231.10227966308594
2017-12-06,231.1461181640625
2017-12-07,231.87489318847656
2017-12-08,233.13938903808594
2017-12-11,233.84185791015625
2017-12-12,234.25454711914062
2017-12-13,234.22816467285156
2017-12-14,233.27114868164062
2017-12-15,235.21360778808594
2017-12-18,236.7051544189453
2017-12-19,235.79611206054688
2017-12-20,235.67259216308594
2017-12-21,236.157958984375
2017-12-22,236.09620666503906
2017-12-26,235.8137664794922
2017-12-27,235.9285125732422
2017-12-28,236.4138641357422
2017-12-29,235.52247619628906
2018-01-02,237.208251953125
2018-01-03,238.70849609375
2018-01-04,239.71475219726562
2018-01-05,241.31216430664062
2018-01-08,241.75343322753906
2018-01-09,242.30062866210938
2018-01-10,241.92999267578125
2018-01-11,243.695068359375
2018-01-12,245.28379821777344
2018-01-16,244.4452667236328
2018-01-17,246.77532958984375
2018-01-18,246.36048889160156
2018-01-19,247.48135375976562
2018-01-22,249.49354553222656
2018-01-23,250.02320861816406
2018-01-24,249.92596435546875
2018-01-25,250.03196716308594
2018-01-26,252.92677307128906
2018-01-29,251.2499237060547
2018-01-30,248.67283630371094
2018-01-31,248.79641723632812
2018-02-01,248.51393127441406
2018-02-02,243.10377502441406
2018-02-05,232.93663024902344
2018-02-06,237.52597045898438
2018-02-07,236.2373504638672
2018-02-08,227.37644958496094
2018-02-09,230.7919464111328
2018-02-12,234.1809844970703
2018-02-13,234.7635040283203
2018-02-14,237.93199157714844
2018-02-15,240.96795654296875
2018-02-16,241.03854370117188
2018-02-20,239.52935791015625
2018-02-21,238.33790588378906
2018-02-22,238.64678955078125
2018-02-23,242.45069885253906
2018-02-26,245.2661590576172
2018-02-27,242.20352172851562
2018-02-28,239.75009155273438
2018-03-01,236.2638397216797
2018-03-02,237.48184204101562
2018-03-05,240.22659301757812
2018-03-06,240.83563232421875
2018-03-07,240.74729919433594
2018-03-08,241.91233825683594
2018-03-09,246.1220703125
2018-03-12,245.813232421875
2018-03-13,244.22470092773438
2018-03-14,242.97137451171875
2018-03-15,242.70664978027344
2018-03-16,242.96981811523438
2018-03-19,239.68231201171875
2018-03-20,240.09002685546875
2018-03-21,239.6292266845703
2018-03-22,233.6391143798828
2018-03-23,228.65921020507812
2018-03-26,234.9150848388672
2018-03-27,230.91876220703125
2018-03-28,230.2364959716797
2018-03-29,233.1782989501953
2018-04-02,228.14527893066406
2018-04-03,231.06939697265625
2018-04-04,233.5417022705078
2018-04-05,235.384765625
2018-04-06,230.1390380859375
2018-04-09,231.27322387695312
2018-04-10,234.9505615234375
2018-04-11,233.71885681152344
2018-04-12,235.64169311523438
2018-04-13,234.9505615234375
2018-04-16,236.88226318359375
2018-04-17,239.41650390625
2018-04-18,239.5937957763672
2018-04-19,238.2645721435547
2018-04-20,236.24420166015625
2018-04-23,236.2089080810547
2018-04-24,233.0277099609375
2018-04-25,233.60366821289062
2018-04-26,235.97845458984375
2018-04-27,236.19996643066406
2018-04-30,234.3834228515625
2018-05-01,234.79986572265625
2018-05-02,233.22265625
2018-05-03,232.70870971679688
2018-05-04,235.72154235839844
2018-05-07,236.51898193359375
2018-05-08,236.51898193359375
2018-05-09,238.80506896972656
2018-05-10,241.03807067871094
2018-05-11,241.7735595703125
2018-05-14,241.88877868652344
2018-05-15,240.22291564941406
2018-05-16,241.23301696777344
2018-05-17,241.02928161621094
2018-05-18,240.42666625976562
2018-05-21,242.23439025878906
2018-05-22,241.56082153320312
2018-05-23,242.22544860839844
2018-05-24,241.7293243408203
2018-05-25,241.1533203125
2018-05-29,238.37982177734375
2018-05-30,241.56082153320312
2018-05-31,240.08108520507812
2018-06-01,242.43814086914062
2018-06-04,243.5900115966797
2018-06-05,243.76731872558594
2018-06-06,245.80531311035156
2018-06-07,245.77883911132812
2018-06-08,246.50531005859375
2018-06-11,246.8332061767578
2018-06-12,247.15225219726562
2018-06-13,246.3636016845703
2018-06-14,246.98379516601562
2018-06-15,246.66873168945312
2018-06-18,246.16146850585938
2018-06-19,245.21795654296875
2018-06-20,245.63629150390625
2018-06-21,244.096435546875
2018-06-22,244.5414581298828
2018-06-25,241.2126007080078
2018-06-26,241.74664306640625
2018-06-27,239.7439422607422
2018-06-28,241.11468505859375
2018-06-29,241.4617919921875
2018-07-02,241.97801208496094
2018-07-03,241.12351989746094
2018-07-05,243.09059143066406
2018-07-06,245.1467742919922
2018-07-09,247.35418701171875
2018-07-10,248.2441864013672
2018-07-11,246.42840576171875
2018-07-12,248.66256713867188
2018-07-13,248.85838317871094
2018-07-16,248.63583374023438
2018-07-17,249.64169311523438
2018-07-18,250.16677856445312
2018-07-19,249.2233428955078
2018-07-20,248.93849182128906
2018-07-23,249.4013214111328
2018-07-24,250.65634155273438
2018-07-25,252.79258728027344
2018-07-26,252.1961669921875
2018-07-27,250.4872283935547
2018-07-30,249.17880249023438
2018-07-31,250.40707397460938
2018-08-01,249.98873901367188
2018-08-02,251.3506317138672
2018-08-03,252.4275665283203
2018-08-06,253.3533477783203
2018-08-07,254.18997192382812
2018-08-08,254.08316040039062
2018-08-09,253.73599243164062
2018-08-10,252.03594970703125
2018-08-13,251.09251403808594
2018-08-14,252.6946563720703
2018-08-15,250.8076629638672
2018-08-16,252.837158203125
2018-08-17,253.7270965576172
2018-08-20,254.2700653076172
2018-08-21,254.86636352539062
2018-08-22,254.71510314941406
2018-08-23,254.37692260742188
2018-08-24,255.90782165527344
2018-08-27,257.92828369140625
2018-08-28,258.052978515625
2018-08-29,259.4414978027344
2018-08-30,258.3912048339844
2018-08-31,258.4000549316406
2018-09-04,257.9550476074219
2018-09-05,257.26080322265625
2018-09-06,256.486328125
2018-09-07,255.98793029785156
2018-09-10,256.43304443359375
2018-09-11,257.278564453125
2018-09-12,257.34088134765625
2018-09-13,258.8629150390625
2018-09-14,258.9074401855469
2018-09-17,257.5367126464844
2018-09-18,258.9342041015625
2018-09-19,259.2100830078125
2018-09-20,261.3106384277344
2018-09-21,261.0719299316406
2018-09-24,260.20458984375
2018-09-25,259.96319580078125
2018-09-26,259.18536376953125
2018-09-27,259.9095458984375
2018-09-28,259.9364013671875
2018-10-01,260.83941650390625
2018-10-02,260.6873779296875
2018-10-03,260.8304443359375
2018-10-04,258.7919006347656
2018-10-05,257.34344482421875
2018-10-08,257.34344482421875
2018-10-09,256.9679260253906
2018-10-10,248.8314971923828
2018-10-11,243.3506317138672
2018-10-12,246.73033142089844
2018-10-15,245.34449768066406
2018-10-16,250.70913696289062
2018-10-17,250.75381469726562
2018-10-18,247.13270568847656
2018-10-19,246.9986114501953
2018-10-22,245.88987731933594
2018-10-23,244.6381378173828
2018-10-24,237.2259063720703
2018-10-25,241.48190307617188
2018-10-26,237.23489379882812
2018-10-29,235.92051696777344
2018-10-30,239.4165496826172
2018-10-31,241.97369384765625
2018-11-01,244.54876708984375
2018-11-02,243.1002960205078
2018-11-05,244.44143676757812
2018-11-06,245.9882354736328
2018-11-07,251.25460815429688
2018-11-08,250.7986297607422
2018-11-09,248.34872436523438
2018-11-12,243.70826721191406
2018-11-13,243.25230407714844
2018-11-14,241.5891876220703
2018-11-15,244.11058044433594
2018-11-16,244.74545288085938
2018-11-19,240.60569763183594
2018-11-20,236.1530303955078
2018-11-21,236.9576873779297
2018-11-23,235.3751220703125
2018-11-26,239.17506408691406
2018-11-27,239.9798126220703
2018-11-28,245.5054168701172
2018-11-29,244.9689483642578
2018-11-30,246.46214294433594
2018-12-03,249.72560119628906
2018-12-04,241.6339111328125
2018-12-06,241.2672576904297
2018-12-07,235.66127014160156
2018-12-10,236.1083221435547
2018-12-11,236.1619415283203
2018-12-12,237.3511199951172
2018-12-13,237.2706298828125
2018-12-14,232.88941955566406
2018-12-17,228.32057189941406
2018-12-18,228.0701904296875
2018-12-19,224.6547088623047
2018-12-20,220.997802734375
2018-12-21,216.46963500976562
2018-12-24,210.74989318847656
2018-12-26,221.39794921875
2018-12-27,223.0977325439453
2018-12-28,222.80995178222656
2018-12-31,224.76144409179688
2019-01-02,224.99533081054688
2019-01-03,219.62631225585938
2019-01-04,226.98284912109375
2019-01-07,228.77252197265625
2019-01-08,230.9219512939453
2019-01-09,232.0011444091797
2019-01-10,232.81954956054688
2019-01-11,232.90945434570312
2019-01-14,231.488525390625
2019-01-15,234.14157104492188
2019-01-16,234.70816040039062
2019-01-17,236.48883056640625
2019-01-18,239.63650512695312
2019-01-22,236.39892578125
2019-01-23,236.8935089111328
2019-01-24,237.01942443847656
2019-01-25,239.0249481201172
2019-01-28,237.20828247070312
2019-01-29,236.8935089111328
2019-01-30,240.64378356933594
2019-01-31,242.75714111328125
2019-02-01,242.87405395507812
2019-02-04,244.58277893066406
2019-02-05,245.60801696777344
2019-02-06,245.2843017578125
2019-02-07,242.946044921875
2019-02-08,243.2428436279297
2019-02-11,243.37771606445312
2019-02-12,246.50743103027344
2019-02-13,247.30776977539062
2019-02-14,246.75921630859375
2019-02-15,249.44822692871094
2019-02-19,249.87986755371094
2019-02-20,250.38356018066406
2019-02-21,249.4931640625
2019-02-22,251.0400390625
2019-02-25,251.3817901611328
2019-02-26,251.20191955566406
2019-02-27,251.09400939941406
2019-02-28,250.6262969970703
2019-03-01,252.19117736816406
2019-03-04,251.27392578125
2019-03-05,250.93222045898438
2019-03-06,249.41224670410156
2019-03-07,247.32579040527344
2019-03-08,246.8311309814453
2019-03-11,250.41049194335938
2019-03-12,251.354736328125
2019-03-13,253.0186004638672
2019-03-14,252.8566436767578
2019-03-15,254.1060333251953
2019-03-18,255.02728271484375
2019-03-19,255.09054565429688
2019-03-20,254.32272338867188
2019-03-21,257.1952209472656
2019-03-22,252.24508666992188
2019-03-25,252.0555419921875
2019-03-26,253.93429565429688
2019-03-27,252.60643005371094
2019-03-28,253.56393432617188
2019-03-29,255.16281127929688
2019-04-01,258.1888122558594
2019-04-02,258.3153076171875
2019-04-03,258.7217712402344
2019-04-04,259.40826416015625
2019-04-05,260.6639099121094
2019-04-08,260.86260986328125
2019-04-09,259.5257263183594
2019-04-10,260.4110412597656
2019-04-11,260.33868408203125
2019-04-12,262.1001281738281
2019-04-15,261.9284973144531
2019-04-16,262.1001281738281
2019-04-17,261.45880126953125
2019-04-18,261.9736633300781
2019-04-22,262.1994934082031
2019-04-23,264.5570983886719
2019-04-24,263.9700012207031
2019-04-25,263.8072204589844
2019-04-26,265.03582763671875
2019-04-29,265.45135498046875
2019-04-30,265.5867919921875
2019-05-01,263.590576171875
2019-05-02,263.02142333984375
2019-05-03,265.5958557128906
2019-05-06,264.50299072265625
2019-05-07,260.0857238769531
2019-05-08,259.72442626953125
2019-05-09,258.93853759765625
2019-05-10,260.23944091796875
2019-05-13,253.699462890625
2019-05-14,255.993896484375
2019-05-15,257.4933166503906
2019-05-16,259.8779602050781
2019-05-17,258.1978759765625
2019-05-20,256.49066162109375
2019-05-21,258.80316162109375
2019-05-22,258.0081481933594
2019-05-23,254.85568237304688
2019-05-24,255.4337158203125
2019-05-28,253.05812072753906
2019-05-29,251.3599090576172
2019-05-30,252.0464630126953
2019-05-31,248.64999389648438
2019-06-03,248.01768493652344
2019-06-04,253.4013671875
2019-06-05,255.5963897705078
2019-06-06,257.2583923339844
2019-06-07,259.8328552246094
2019-06-10,261.0252380371094
2019-06-11,260.9620056152344
2019-06-12,260.50128173828125
2019-06-13,261.576171875
2019-06-14,261.28717041015625
2019-06-17,261.3865051269531
2019-06-18,264.1234436035156
2019-06-19,264.7196350097656
2019-06-20,267.24884033203125
2019-06-21,266.8604736328125
2019-06-24,266.5336608886719
2019-06-25,263.9195251464844
2019-06-26,263.6562805175781
2019-06-27,264.5911560058594
2019-06-28,265.9527282714844
2019-07-01,268.3671569824219
2019-07-02,269.06610107421875
2019-07-03,271.21728515625
2019-07-05,270.9086608886719
2019-07-08,269.4200439453125
2019-07-09,269.7559509277344
2019-07-10,271.0447998046875
2019-07-11,271.68017578125
2019-07-12,272.89654541015625
2019-07-15,272.9873352050781
2019-07-16,272.1068115234375
2019-07-17,270.2552795410156
2019-07-18,271.24456787109375
2019-07-19,269.7378234863281
2019-07-22,270.40045166015625
2019-07-23,272.3338317871094
2019-07-24,273.61358642578125
2019-07-25,272.3065185546875
2019-07-26,274.1310119628906
2019-07-29,273.63177490234375
2019-07-30,272.9600830078125
2019-07-31,269.9737243652344
2019-08-01,267.6228942871094
2019-08-02,265.6077575683594
2019-08-05,257.6201477050781
2019-08-06,261.2327880859375
2019-08-07,261.3870544433594
2019-08-08,266.5155029296875
2019-08-09,264.7000732421875
2019-08-12,261.4778137207031
2019-08-13,265.5442810058594
2019-08-14,257.69281005859375
2019-08-15,258.37347412109375
2019-08-16,262.1858215332031
2019-08-19,265.34454345703125
2019-08-20,263.311279296875
2019-08-21,265.4535217285156
2019-08-22,265.37176513671875
2019-08-23,258.5550842285156
2019-08-26,261.4142761230469
2019-08-27,260.3885192871094
2019-08-28,262.2221984863281
2019-08-29,265.57147216796875
2019-08-30,265.4535217285156
2019-09-03,263.9013671875
2019-09-04,266.8966369628906
2019-09-05,270.3277893066406
2019-09-06,270.53656005859375
2019-09-09,270.67266845703125
2019-09-10,270.60919189453125
2019-09-11,272.5334167480469
2019-09-12,273.4774475097656
2019-09-13,273.29595947265625
2019-09-16,272.4518127441406
2019-09-17,273.1416015625
2019-09-18,273.3049621582031
2019-09-19,273.2868347167969
2019-09-20,271.99560546875
2019-09-23,271.9317626953125
2019-09-24,269.7979431152344
2019-09-25,271.3938293457031
2019-09-26,270.82843017578125
2019-09-27,269.36944580078125
2019-09-30,270.6186828613281
2019-10-01,267.3997497558594
2019-10-02,262.67620849609375
2019-10-03,264.82830810546875
2019-10-04,268.4119873046875
2019-10-07,267.25384521484375
2019-10-08,263.10479736328125
2019-10-09,265.60333251953125
2019-10-10,267.3997497558594
2019-10-11,270.1719055175781
2019-10-14,269.8709716796875
2019-10-15,272.5427551269531
2019-10-16,272.10498046875
2019-10-17,272.9075622558594
2019-10-18,271.7129821777344
2019-10-21,273.5548400878906
2019-10-22,272.66131591796875
2019-10-23,273.4545593261719
2019-10-24,273.90142822265625
2019-10-25,275.0231018066406
2019-10-28,276.5732421875
2019-10-29,276.4912109375
2019-10-30,277.33917236328125
2019-10-31,276.60064697265625
2019-11-01,279.1629943847656
2019-11-04,280.2845764160156
2019-11-05,279.97454833984375
2019-11-06,280.03839111328125
2019-11-07,281.02325439453125
2019-11-08,281.7162170410156
2019-11-11,281.17828369140625
2019-11-12,281.77099609375
2019-11-13,281.8621520996094
2019-11-14,282.2724304199219
2019-11-15,284.3150329589844
2019-11-18,284.5248718261719
2019-11-19,284.4427185058594
2019-11-20,283.3849792480469
2019-11-21,282.92901611328125
2019-11-22,283.5582580566406
2019-11-25,285.755859375
2019-11-26,286.4032897949219
2019-11-27,287.67999267578125
2019-11-29,286.61309814453125
2019-12-02,284.17828369140625
2019-12-03,282.2724304199219
2019-12-04,284.01416015625
2019-12-05,284.5248718261719
2019-12-06,287.12371826171875
2019-12-09,286.220947265625
2019-12-10,285.9018249511719
2019-12-11,286.7134094238281
2019-12-12,289.1845703125
2019-12-13,289.3577880859375
2019-12-16,291.3457336425781
2019-12-17,291.4095458984375
2019-12-18,291.4278564453125
2019-12-19,292.622314453125
2019-12-20,293.9052734375
2019-12-23,294.3542175292969
2019-12-24,294.3634033203125
2019-12-26,295.930419921875
2019-12-27,295.8570861816406
2019-12-30,294.2259826660156
2019-12-31,294.9407043457031
2020-01-02,297.698974609375
2020-01-03,295.4447021484375
2020-01-06,296.5718994140625
2020-01-07,295.7379455566406
2020-01-08,297.314208984375
2020-01-09,299.3300476074219
2020-01-10,298.46875
2020-01-13,300.5214538574219
2020-01-14,300.0632019042969
2020-01-15,300.7413024902344
2020-01-16,303.2430114746094
2020-01-17,304.1867980957031
2020-01-21,303.5912170410156
2020-01-22,303.62774658203125
2020-01-23,303.9761047363281
2020-01-24,301.27276611328125
2020-01-27,296.4435729980469
2020-01-28,299.54998779296875
2020-01-29,299.3026123046875
2020-01-30,300.2740478515625
2020-01-31,294.8215637207031
2020-02-03,297.0117492675781
2020-02-04,301.53851318359375
2020-02-05,305.0207214355469
2020-02-06,306.04705810546875
2020-02-07,304.4158630371094
2020-02-10,306.6885681152344
2020-02-11,307.22003173828125
2020-02-12,309.19927978515625
2020-02-13,308.8694763183594
2020-02-14,309.36431884765625
2020-02-18,308.5670471191406
2020-02-19,310.0424499511719
2020-02-20,308.7686767578125
2020-02-21,305.5888977050781
2020-02-24,295.45391845703125
2020-02-25,286.5009765625
2020-02-26,285.4471435546875
2020-02-27,272.62725830078125
2020-02-28,271.4819030761719
2020-03-02,283.2387390136719
2020-03-03,275.12896728515625
2020-03-04,286.693359375
2020-03-05,277.1632385253906
2020-03-06,272.5814514160156
2020-03-09,251.29429626464844
2020-03-10,264.2975158691406
2020-03-11,251.41339111328125
2020-03-12,227.35890197753906
2020-03-13,246.7949676513672
2020-03-16,219.78976440429688
2020-03-17,231.6566619873047
2020-03-18,219.92723083496094
2020-03-19,220.39456176757812
2020-03-20,210.8968505859375
2020-03-23,205.5045623779297
2020-03-24,224.12399291992188
2020-03-25,227.47915649414062
2020-03-26,240.7615966796875
2020-03-27,233.5903778076172
2020-03-30,241.17636108398438
2020-03-31,237.58152770996094
2020-04-01,226.88926696777344
2020-04-02,232.124755859375
2020-04-03,228.76962280273438
2020-04-06,244.13525390625
2020-04-07,244.3840789794922
2020-04-08,252.5877227783203
2020-04-09,256.4313659667969
2020-04-13,254.09010314941406
2020-04-14,261.5840148925781
2020-04-15,256.02581787109375
2020-04-16,257.2610168457031
2020-04-17,264.2110290527344
2020-04-20,259.5560607910156
2020-04-21,251.67510986328125
2020-04-22,257.2610168457031
2020-04-23,257.2425537109375
2020-04-24,260.8281555175781
2020-04-27,264.5888977050781
2020-04-28,263.3722229003906
2020-04-29,270.266845703125
2020-04-30,267.75054931640625
2020-05-01,260.6622314453125
2020-05-04,261.38116455078125
2020-05-05,263.7962646484375
2020-05-06,262.0080261230469
2020-05-07,265.1695556640625
2020-05-08,269.5570983886719
2020-05-11,269.612548828125
2020-05-12,264.2386474609375
2020-05-13,259.5653076171875
2020-05-14,262.671630859375
2020-05-15,263.87908935546875
2020-05-18,271.9169006347656
2020-05-19,269.1239318847656
2020-05-20,273.69580078125
2020-05-21,271.8062744140625
2020-05-22,272.3223876953125
2020-05-26,275.6775817871094
2020-05-27,279.779296875
2020-05-28,279.26318359375
2020-05-29,280.5075988769531
2020-06-01,281.64129638671875
2020-06-02,283.9733581542969
2020-06-03,287.7525329589844
2020-06-04,286.9966735839844
2020-06-05,294.35223388671875
2020-06-08,297.9101867675781
2020-06-09,295.6887512207031
2020-06-10,294.0388488769531
2020-06-11,277.0877990722656
2020-06-12,280.4061584472656
2020-06-15,283.02392578125
2020-06-16,288.47149658203125
2020-06-17,287.2731628417969
2020-06-18,287.3838195800781
2020-06-19,285.741455078125
2020-06-22,287.5744934082031
2020-06-23,288.8984680175781
2020-06-24,281.52899169921875
2020-06-25,284.5472106933594
2020-06-26,277.7886657714844
2020-06-29,281.8714599609375
2020-06-30,285.482177734375
2020-07-01,287.4819030761719
2020-07-02,289.0650634765625
2020-07-06,293.52740478515625
2020-07-07,290.5
2020-07-08,292.7220764160156
2020-07-09,291.0555725097656
2020-07-10,294.02740478515625
2020-07-13,291.4814453125
2020-07-14,295.2587890625
2020-07-15,297.97137451171875
2020-07-16,296.98992919921875
2020-07-17,297.85101318359375
2020-07-20,300.2581481933594
2020-07-21,300.8968811035156
2020-07-22,302.609619140625
2020-07-23,298.9990234375
2020-07-24,297.0733337402344
2020-07-27,299.2397155761719
2020-07-28,297.3418273925781
2020-07-29,300.998779296875
2020-07-30,299.9248046875
2020-07-31,302.2948303222656
2020-08-03,304.3964538574219
2020-08-04,305.5722351074219
2020-08-05,307.4701843261719
2020-08-06,309.5253601074219
2020-08-07,309.74761962890625
2020-08-10,310.6734313964844
2020-08-11,308.1089172363281
2020-08-12,312.40472412109375
2020-08-13,311.8399353027344
2020-08-14,311.8492431640625
2020-08-17,312.83984375
2020-08-18,313.5157165527344
2020-08-19,312.2102355957031
2020-08-20,313.1824035644531
2020-08-21,314.2933654785156
2020-08-24,317.4781799316406
2020-08-25,318.589111328125
2020-08-26,321.7831726074219
2020-08-27,322.4866943359375
2020-08-28,324.5698547363281
2020-08-31,323.3940734863281
2020-09-01,326.4400329589844
2020-09-02,331.16162109375
2020-09-03,319.76495361328125
2020-09-04,317.1540832519531
2020-09-08,308.4886169433594
2020-09-09,314.58038330078125
2020-09-10,309.1180419921875
2020-09-11,309.27545166015625
2020-09-14,313.3489990234375
2020-09-15,314.93206787109375
2020-09-16,313.6823425292969
2020-09-17,310.9234619140625
2020-09-18,307.3438415527344
2020-09-21,303.9232177734375
2020-09-22,307.01849365234375
2020-09-23,299.8984069824219
2020-09-24,300.69781494140625
2020-09-25,305.55914306640625
2020-09-28,310.6343078613281
2020-09-29,308.9426574707031
2020-09-30,311.2850341796875
2020-10-01,313.283447265625
2020-10-02,310.3089599609375
2020-10-05,315.8117370605469
2020-10-06,311.3221740722656
2020-10-07,316.7413024902344
2020-10-08,319.5483703613281
2020-10-09,322.4019470214844
2020-10-12,327.5886535644531
2020-10-13,325.45074462890625
2020-10-14,323.4058532714844
2020-10-15,323.0061950683594
2020-10-16,322.81097412109375
2020-10-19,317.90313720703125
2020-10-20,319.176513671875
2020-10-21,318.5723571777344
2020-10-22,320.31982421875
2020-10-23,321.4073791503906
2020-10-26,315.46783447265625
2020-10-27,314.3802490234375
2020-10-28,303.6350402832031
2020-10-29,306.7210388183594
2020-10-30,303.52349853515625
2020-11-02,306.925537109375
2020-11-03,312.3446350097656
2020-11-04,319.3253479003906
2020-11-05,325.5530090332031
2020-11-06,325.4786376953125
2020-11-09,329.5685119628906
2020-11-10,329.085205078125
2020-11-11,331.52984619140625
2020-11-12,328.313720703125
2020-11-13,332.8590393066406
2020-11-16,337.013916015625
2020-11-17,335.2013244628906
2020-11-18,331.1672058105469
2020-11-19,332.5615539550781
2020-11-20,330.2841796875
2020-11-23,332.2641906738281
2020-11-24,337.6181335449219
2020-11-25,337.09759521484375
2020-11-27,338.0364074707031
2020-11-30,336.53985595703125
2020-12-01,340.2207336425781
2020-12-02,340.93658447265625
2020-12-03,340.8434753417969
2020-12-04,343.7807922363281
2020-12-07,343.0743713378906
2020-12-08,344.0782470703125
2020-12-09,340.9921875
2020-12-10,340.8807067871094
2020-12-11,340.48101806640625
2020-12-14,338.95660400390625
2020-12-15,343.5391845703125
2020-12-16,344.0782470703125
2020-12-17,346.0022888183594
2020-12-18,344.62078857421875
2020-12-21,343.3885803222656
2020-12-22,342.8098449707031
2020-12-23,343.1178894042969
2020-12-24,344.4527587890625
2020-12-28,347.41192626953125
2020-12-29,346.74908447265625
2020-12-30,347.2439270019531
2020-12-31,349.008056640625
2021-01-04,344.25677490234375
2021-01-05,346.62774658203125
2021-01-06,348.7000732421875
2021-01-07,353.88092041015625
2021-01-08,355.8971862792969
2021-01-11,353.4981689453125
2021-01-12,353.5727844238281
2021-01-13,354.52508544921875
2021-01-14,353.2834167480469
2021-01-15,350.7071228027344
2021-01-19,353.4608459472656
2021-01-20,358.35223388671875
2021-01-21,358.678955078125
2021-01-22,357.4093933105469
2021-01-25,358.8189697265625
2021-01-26,358.2588806152344
2021-01-27,349.5028381347656
2021-01-28,352.50872802734375
2021-01-29,345.45159912109375
2021-02-01,351.2017822265625
2021-02-02,356.1679382324219
2021-02-03,356.4479675292969
2021-02-04,360.4991760253906
2021-02-05,361.91815185546875
2021-02-08,364.5318908691406
2021-02-09,364.2891540527344
2021-02-10,364.13037109375
2021-02-11,364.71856689453125
2021-02-12,366.5201416015625
2021-02-16,366.2027282714844
2021-02-17,366.2868347167969
2021-02-18,364.7279357910156
2021-02-19,364.083740234375
2021-02-22,361.2832946777344
2021-02-23,361.7220764160156
2021-02-24,365.7080993652344
2021-02-25,356.89605712890625
2021-02-26,355.0570068359375
2021-03-01,363.6636657714844
2021-03-02,360.8259582519531
2021-03-03,356.0465393066406
2021-03-04,351.6405334472656
2021-03-05,358.1094665527344
2021-03-08,356.3266296386719
2021-03-09,361.41400146484375
2021-03-10,363.6636657714844
2021-03-11,367.3509826660156
2021-03-12,367.8456726074219
2021-03-15,370.0393371582031
2021-03-16,369.57257080078125
2021-03-17,370.832763671875
2021-03-18,365.43731689453125
2021-03-19,364.7611389160156
2021-03-22,367.6737060546875
2021-03-23,364.7798767089844
2021-03-24,362.925537109375
2021-03-25,364.9671936035156
2021-03-26,370.8486022949219
2021-03-29,370.6612548828125
2021-03-30,369.6779479980469
2021-03-31,371.1763916015625
2021-04-01,375.18475341796875
2021-04-05,380.5698547363281
2021-04-06,380.3450622558594
2021-04-07,380.7852478027344
2021-04-08,382.5927734375
2021-04-09,385.3741455078125
2021-04-12,385.51470947265625
2021-04-13,386.65728759765625
2021-04-14,385.3367919921875
2021-04-15,389.4762878417969
2021-04-16,390.778076171875
2021-04-19,388.8581237792969
2021-04-20,386.0111083984375
2021-04-21,389.6636047363281
2021-04-22,386.1047058105469
2021-04-23,390.291015625
2021-04-26,391.1058349609375
2021-04-27,391.02154541015625
2021-04-28,390.9091796875
2021-04-29,393.4003601074219
2021-04-30,390.81549072265625
2021-05-03,391.658447265625
2021-05-04,389.2420959472656
2021-05-05,389.3638610839844
2021-05-06,392.4732360839844
2021-05-07,395.3296203613281
2021-05-10,391.41485595703125
2021-05-11,387.92156982421875
2021-05-12,379.6801452636719
2021-05-13,384.2410583496094
2021-05-14,390.1412048339844
2021-05-17,389.1484680175781
2021-05-18,385.7956848144531
2021-05-19,384.78424072265625
2021-05-20,388.9237060546875
2021-05-21,388.6053161621094
2021-05-24,392.5668029785156
2021-05-25,391.6958312988281
2021-05-26,392.4732360839844
2021-05-27,392.67919921875
2021-05-28,393.3816223144531
2021-06-01,393.0351867675781
2021-06-02,393.6531677246094
2021-06-03,392.1922607421875
2021-06-04,395.77911376953125
2021-06-07,395.3951416015625
2021-06-08,395.47943115234375
2021-06-09,394.8893737792969
2021-06-10,396.72509765625
2021-06-11,397.38055419921875
2021-06-14,398.2703857421875
2021-06-15,397.539794921875
2021-06-16,395.3202819824219
2021-06-17,395.1891174316406
2021-06-18,389.8578796386719
2021-06-21,395.4390563964844
2021-06-22,397.55316162109375
2021-06-23,397.07391357421875
2021-06-24,399.42291259765625
2021-06-25,400.8417663574219
2021-06-28,401.6498107910156
2021-06-29,401.8658752441406
2021-06-30,402.20416259765625
2021-07-01,404.43109130859375
2021-07-02,407.5223083496094
2021-07-06,406.7799987792969
2021-07-07,408.217529296875
2021-07-08,404.89141845703125
2021-07-09,409.2135314941406
2021-07-12,410.6793212890625
2021-07-13,409.2793884277344
2021-07-14,409.89007568359375
2021-07-15,408.49005126953125
2021-07-16,405.2860412597656
2021-07-19,399.3008117675781
2021-07-20,405.02294921875
2021-07-21,408.3021240234375
2021-07-22,409.15716552734375
2021-07-23,413.3666076660156
2021-07-26,414.38134765625
2021-07-27,412.4927978515625
2021-07-28,412.3236389160156
2021-07-29,414.0337219238281
2021-07-30,412.0229187011719
2021-08-02,411.1584777832031
2021-08-03,414.50347900390625
2021-08-04,412.4645690917969
2021-08-05,415.0766296386719
2021-08-06,415.7624816894531
2021-08-09,415.4242858886719
2021-08-10,415.9410400390625
2021-08-11,416.974609375
2021-08-12,418.22430419921875
2021-08-13,418.9853820800781
2021-08-16,419.971923828125
2021-08-17,417.2189636230469
2021-08-18,412.6524658203125
2021-08-19,413.2913513183594
2021-08-20,416.58001708984375
2021-08-23,420.244384765625
2021-08-24,420.9114990234375
2021-08-25,421.79473876953125
2021-08-26,419.3049011230469
2021-08-27,423.05377197265625
2021-08-30,424.9142761230469
2021-08-31,424.28472900390625
2021-09-01,424.5101623535156
2021-09-02,425.8161926269531
2021-09-03,425.712890625
2021-09-07,424.1907653808594
2021-09-08,423.6739501953125
2021-09-09,421.860595703125
2021-09-10,418.5343933105469
2021-09-13,419.60546875
2021-09-14,417.34100341796875
2021-09-15,420.82696533203125
2021-09-16,420.159912109375
2021-09-17,416.0671081542969
2021-09-20,409.1295471191406
2021-09-21,408.74298095703125
2021-09-22,412.730224609375
2021-09-23,417.7449035644531
2021-09-24,418.43304443359375
2021-09-27,417.2359313964844
2021-09-28,408.8278503417969
2021-09-29,409.5159606933594
2021-09-30,404.5107116699219
2021-10-01,409.3180236816406
2021-10-04,404.03936767578125
2021-10-05,408.2434387207031
2021-10-06,409.9400329589844
2021-10-07,413.4843444824219
2021-10-08,412.730224609375
2021-10-11,409.7421569824219
2021-10-12,408.7335205078125
2021-10-13,410.2040710449219
2021-10-14,417.10400390625
2021-10-15,420.28057861328125
2021-10-18,421.52490234375
2021-10-19,424.7768249511719
2021-10-20,426.4452819824219
2021-10-21,427.5574645996094
2021-10-22,427.11444091796875
2021-10-25,429.40496826171875
2021-10-26,429.79144287109375
2021-10-27,427.88739013671875
2021-10-28,432.0160217285156
2021-10-29,432.89263916015625
2021-11-01,433.63726806640625
2021-11-02,435.3905029296875
2021-11-03,438.0486755371094
2021-11-04,440.1130065917969
2021-11-05,441.6400451660156
2021-11-08,442.01708984375
2021-11-09,440.5560607910156
2021-11-10,437.0118408203125
2021-11-11,437.1531982421875
2021-11-12,440.45233154296875
2021-11-15,440.6031799316406
2021-11-16,442.3470458984375
2021-11-17,441.2724304199219
2021-11-18,442.7711486816406
2021-11-19,441.9793701171875
2021-11-22,440.735107421875
2021-11-23,441.3195495605469
2021-11-24,442.4978332519531
2021-11-26,432.6286926269531
2021-11-29,437.9355773925781
2021-11-30,429.4143981933594
2021-12-01,424.644775390625
2021-12-02,431.1488342285156
2021-12-03,427.3972473144531
2021-12-06,432.45904541015625
2021-12-07,441.40435791015625
2021-12-08,442.5732116699219
2021-12-09,439.58514404296875
2021-12-10,443.72314453125
2021-12-13,439.79254150390625
2021-12-14,436.7667541503906
2021-12-15,443.5912780761719
2021-12-16,439.6794128417969
2021-12-17,434.9999694824219
2021-12-20,430.3744201660156
2021-12-21,438.0173645019531
2021-12-22,442.3970642089844
2021-12-23,445.14971923828125
2021-12-27,451.449462890625
2021-12-28,451.08062744140625
2021-12-29,451.6575927734375
2021-12-30,450.4089660644531
2021-12-31,449.2738952636719
2022-01-03,451.8752136230469
2022-01-04,451.7238464355469
2022-01-05,443.0496826171875
2022-01-06,442.633544921875
2022-01-07,440.8836364746094
2022-01-10,440.3349304199219
2022-01-11,444.3456115722656
2022-01-12,445.54693603515625
2022-01-13,439.4078674316406
2022-01-14,439.587646484375
2022-01-18,431.802734375
2022-01-19,427.3190002441406
2022-01-20,422.5895080566406
2022-01-21,414.2937927246094
2022-01-24,416.05316162109375
2022-01-25,410.97357177734375
2022-01-26,409.9425354003906
2022-01-27,407.91827392578125
2022-01-28,418.0491027832031
2022-01-31,425.5785827636719
2022-02-01,428.45416259765625
2022-02-02,432.6162414550781
2022-02-03,422.4476318359375
2022-02-04,424.4341125488281
2022-02-07,423.07183837890625
2022-02-08,426.55291748046875
2022-02-09,432.79595947265625
2022-02-10,425.0205383300781
2022-02-11,416.6396789550781
2022-02-14,415.27752685546875
2022-02-15,421.974609375
2022-02-16,422.4476318359375
2022-02-17,413.42352294921875
2022-02-18,410.74658203125
2022-02-22,406.3385925292969
2022-02-23,399.1307678222656
2022-02-24,405.1372375488281
2022-02-25,414.0762023925781
2022-02-28,413.016845703125
2022-03-01,406.7264709472656
2022-03-02,414.20867919921875
2022-03-03,412.1465148925781
2022-03-04,408.7980041503906
2022-03-07,396.7469482421875
2022-03-08,393.73895263671875
2022-03-09,404.2953796386719
2022-03-10,402.46978759765625
2022-03-11,397.3524169921875
2022-03-14,394.448486328125
2022-03-15,403.1225280761719
2022-03-16,412.0614318847656
2022-03-17,417.2166748046875
2022-03-18,421.7864074707031
2022-03-21,421.6630859375
2022-03-22,426.5970764160156
2022-03-23,421.1031799316406
2022-03-24,427.4510498046875
2022-03-25,429.5385437011719
2022-03-28,432.5939025878906
2022-03-29,437.9454040527344
2022-03-30,435.24114990234375
2022-03-31,428.542236328125
2022-04-01,429.7567443847656
2022-04-04,433.4383544921875
2022-04-05,427.96343994140625
2022-04-06,423.68402099609375
2022-04-07,425.8190612792969
2022-04-08,424.680419921875
2022-04-11,417.421630859375
2022-04-12,415.87493896484375
2022-04-13,420.63824462890625
2022-04-14,415.40057373046875
2022-04-18,415.5713806152344
2022-04-19,422.2798156738281
2022-04-20,421.96661376953125
2022-04-21,415.6567077636719
2022-04-22,404.25152587890625
2022-04-25,406.5951843261719
2022-04-26,394.81988525390625
2022-04-27,395.92999267578125
2022-04-28,405.93096923828125
2022-04-29,390.9295349121094
2022-05-02,393.2826232910156
2022-05-03,395.0855407714844
2022-05-04,407.1170349121094
2022-05-05,392.6469421386719
2022-05-06,390.30322265625
2022-05-09,377.8067932128906
2022-05-10,378.6797790527344
2022-05-11,372.66400146484375
2022-05-12,372.27490234375
2022-05-13,381.17529296875
2022-05-16,379.6285400390625
2022-05-17,387.4377136230469
2022-05-18,371.819580078125
2022-05-19,369.5422058105469
2022-05-20,369.7035827636719
2022-05-23,376.6207580566406
2022-05-24,373.7456970214844
2022-05-25,377.0477294921875
2022-05-26,384.5816955566406
2022-05-27,394.0227966308594
2022-05-31,391.81195068359375
2022-06-01,388.6427307128906
2022-06-02,396.0438232421875
2022-06-03,389.5441589355469
2022-06-06,390.730224609375
2022-06-07,394.4781494140625
2022-06-08,390.1893615722656
2022-06-09,380.9095458984375
2022-06-10,369.8648376464844
2022-06-13,355.8218078613281
2022-06-14,354.7495422363281
2022-06-15,359.8069763183594
2022-06-16,347.89874267578125
2022-06-17,348.64874267578125
2022-06-21,357.425537109375
2022-06-22,356.77752685546875
2022-06-23,360.2748718261719
2022-06-24,371.7293701171875
2022-06-27,370.30950927734375
2022-06-28,362.7430114746094
2022-06-29,362.4476318359375
2022-06-30,359.50299072265625
2022-07-01,363.3052673339844
2022-07-05,363.9914245605469
2022-07-06,365.22064208984375
2022-07-07,370.6906433105469
2022-07-08,370.3857421875
2022-07-11,366.15460205078125
2022-07-12,362.9145202636719
2022-07-13,361.0086364746094
2022-07-14,360.13189697265625
2022-07-15,367.0122375488281
2022-07-18,363.9818420410156
2022-07-19,373.8163757324219
2022-07-20,376.1987609863281
2022-07-21,380.0295715332031
2022-07-22,376.5037841796875
2022-07-25,376.9610900878906
2022-07-26,372.5013427734375
2022-07-27,382.1737365722656
2022-07-28,386.9671325683594
2022-07-29,392.6086730957031
2022-08-01,391.4460144042969
2022-08-02,388.863525390625
2022-08-03,394.9529113769531
2022-08-04,394.6861267089844
2022-08-05,394.0190734863281
2022-08-08,393.56158447265625
2022-08-09,391.9987487792969
2022-08-10,400.2323303222656
2022-08-11,400.2323303222656
2022-08-12,407.0079040527344
2022-08-15,408.68499755859375
2022-08-16,409.48553466796875
2022-08-17,406.57904052734375
2022-08-18,407.76068115234375
2022-08-19,402.28118896484375
2022-08-22,393.9046936035156
2022-08-23,392.9517517089844
2022-08-24,394.2096862792969
2022-08-25,399.7749328613281
2022-08-26,386.242919921875
2022-08-29,383.6890563964844
2022-08-30,379.4769287109375
2022-08-31,376.5895080566406
2022-09-01,377.77117919921875
2022-09-02,373.7877197265625
2022-09-06,372.3774719238281
2022-09-07,379.0672302246094
2022-09-08,381.5447998046875
2022-09-09,387.4722595214844
2022-09-12,391.6366271972656
2022-09-13,374.6073913574219
2022-09-14,376.0367431640625
2022-09-15,371.7674865722656
2022-09-16,368.9313049316406
2022-09-19,371.7923889160156
2022-09-20,367.52471923828125
2022-09-21,361.1136474609375
2022-09-22,358.0804443359375
2022-09-23,352.080810546875
2022-09-26,348.59783935546875
2022-09-27,347.70794677734375
2022-09-28,354.549560546875
2022-09-29,347.1434326171875
2022-09-30,341.7752990722656
2022-10-03,350.7986145019531
2022-10-04,361.66864013671875
2022-10-05,360.8265686035156
2022-10-06,357.1044006347656
2022-10-07,347.1434326171875
2022-10-10,344.4928283691406
2022-10-11,342.31109619140625
2022-10-12,341.18206787109375
2022-10-13,350.1861572265625
2022-10-14,342.2059631347656
2022-10-17,350.9995422363281
2022-10-18,355.1236267089844
2022-10-19,352.6070861816406
2022-10-20,349.650390625
2022-10-21,358.1474304199219
2022-10-24,362.52984619140625
2022-10-25,368.3189697265625
2022-10-26,365.5439758300781
2022-10-27,363.59197998046875
2022-10-28,372.2420654296875
2022-10-31,369.55328369140625
2022-11-01,367.9361877441406
2022-11-02,358.7023620605469
2022-11-03,355.00885009765625
2022-11-04,360.1185607910156
2022-11-07,363.56329345703125
2022-11-08,365.5248107910156
2022-11-09,357.99432373046875
2022-11-10,377.66754150390625
2022-11-11,381.3228759765625
2022-11-14,378.0789794921875
2022-11-15,381.3036804199219
2022-11-16,378.3948059082031
2022-11-17,377.23699951171875
2022-11-18,378.9498291015625
2022-11-21,377.5719299316406
2022-11-22,382.6528625488281
2022-11-23,385.0641174316406
2022-11-25,384.9780578613281
2022-11-28,378.83489990234375
2022-11-29,378.18426513671875
2022-11-30,390.09735107421875
2022-12-01,389.8102722167969
2022-12-02,389.3605651855469
2022-12-05,382.3562316894531
2022-12-06,376.8446960449219
2022-12-07,376.2035217285156
2022-12-08,379.15069580078125
2022-12-09,376.3183288574219
2022-12-12,381.7438659667969
2022-12-13,384.6335754394531
2022-12-14,382.1744079589844
2022-12-15,372.8258056640625
2022-12-16,368.42413330078125
2022-12-19,365.300048828125
2022-12-20,365.7998962402344
2022-12-21,371.26959228515625
2022-12-22,365.97296142578125
2022-12-23,368.07806396484375
2022-12-27,366.6265869140625
2022-12-28,362.0701904296875
2022-12-29,368.5875549316406
2022-12-30,367.61669921875
2023-01-03,366.069091796875
2023-01-04,368.8951721191406
2023-01-05,364.684814453125
2023-01-06,373.0478515625
2023-01-09,372.8363037109375
2023-01-10,375.4509582519531
2023-01-11,380.19964599609375
2023-01-12,381.5838928222656
2023-01-13,383.0643005371094
2023-01-17,382.36248779296875
2023-01-18,376.3257751464844
2023-01-19,373.5861511230469
2023-01-20,380.54571533203125
2023-01-23,385.1117248535156
2023-01-24,384.6983642578125
2023-01-25,384.84259033203125
2023-01-26,389.0721130371094
2023-01-27,389.9660949707031
2023-01-30,385.07330322265625
2023-01-31,390.7351379394531
2023-02-01,394.8878479003906
2023-02-02,400.63616943359375
2023-02-03,396.37774658203125
2023-02-06,393.95538330078125
2023-02-07,399.1077575683594
2023-02-08,394.7436218261719
2023-02-09,391.32147216796875
2023-02-10,392.2347106933594
2023-02-13,396.8392028808594
2023-02-14,396.65655517578125
2023-02-15,397.9446105957031
2023-02-16,392.4654235839844
2023-02-17,391.48492431640625
2023-02-21,383.63140869140625
2023-02-22,383.10272216796875
2023-02-23,385.1405944824219
2023-02-24,381.0263366699219
2023-02-27,382.3240661621094
2023-02-28,380.9109802246094
2023-03-01,379.4499206542969
2023-03-02,382.40093994140625
2023-03-03,388.5338439941406
2023-03-06,388.8030090332031
2023-03-07,382.8431701660156
2023-03-08,383.4679870605469
2023-03-09,376.3930969238281
2023-03-10,370.9619445800781
2023-03-13,370.4332580566406
2023-03-14,376.5564270019531
2023-03-15,374.2013854980469
2023-03-16,380.76678466796875
2023-03-17,376.3145751953125
2023-03-20,379.93310546875
2023-03-21,384.9218444824219
2023-03-22,378.36029052734375
2023-03-23,379.38311767578125
2023-03-24,381.87261962890625
2023-03-27,382.586669921875
2023-03-28,381.7279357910156
2023-03-29,387.2762756347656
2023-03-30,389.54388427734375
2023-03-31,395.03436279296875
2023-04-03,396.5396423339844
2023-04-04,394.3396301269531
2023-04-05,393.30712890625
2023-04-06,394.8413391113281
2023-04-10,395.24658203125
2023-04-11,395.352783203125
2023-04-12,393.7413024902344
2023-04-13,398.97125244140625
2023-04-14,397.9966735839844
2023-04-17,399.4247741699219
2023-04-18,399.685302734375
2023-04-19,399.6177673339844
2023-04-20,397.43701171875
2023-04-21,397.74578857421875
2023-04-24,398.1607360839844
2023-04-25,391.8403625488281
2023-04-26,390.1806640625
2023-04-27,397.94842529296875
2023-04-28,401.3450012207031
2023-05-01,400.93975830078125
2023-05-02,396.43353271484375
2023-05-03,393.7124328613281
2023-05-04,390.9237060546875
2023-05-05,398.1607360839844
2023-05-08,398.2668762207031
2023-05-09,396.52032470703125
2023-05-10,398.37298583984375
2023-05-11,397.6782531738281
2023-05-12,397.1571960449219
2023-05-15,398.5273742675781
2023-05-16,395.86419677734375
2023-05-17,400.6695861816406
2023-05-18,404.5293273925781
2023-05-19,403.9407043457031
2023-05-22,404.104736328125
2023-05-23,399.5695495605469
2023-05-24,396.67474365234375
2023-05-25,400.10986328125
2023-05-26,405.2915954589844
2023-05-30,405.44598388671875
2023-05-31,403.1977233886719
2023-06-01,407.0284729003906
2023-06-02,412.91455078125
2023-06-05,412.1233215332031
2023-06-06,413.0207214355469
2023-06-07,411.5926208496094
2023-06-08,414.0821533203125
2023-06-09,414.8251037597656
2023-06-12,418.58837890625
2023-06-13,421.34808349609375
2023-06-14,421.8498840332031
2023-06-15,427.079833984375
2023-06-16,425.6250915527344
2023-06-20,423.4168701171875
2023-06-21,421.2473449707031
2023-06-22,422.7679748535156
2023-06-23,419.57183837890625
2023-06-26,417.8575744628906
2023-06-27,422.43865966796875
2023-06-28,422.6517639160156
2023-06-29,424.31756591796875
2023-06-30,429.3248291015625
2023-07-03,429.8188171386719
2023-07-05,429.1795654296875
2023-07-06,425.81878662109375
2023-07-07,424.74371337890625
2023-07-10,425.81878662109375
2023-07-11,428.5306396484375
2023-07-12,431.97857666015625
2023-07-13,435.4071350097656
2023-07-14,435.1359558105469
2023-07-17,436.6468200683594
2023-07-18,439.891357421875
2023-07-19,440.8695373535156
2023-07-20,437.94464111328125
2023-07-21,437.94464111328125
2023-07-24,439.90106201171875
2023-07-25,441.1020202636719
2023-07-26,441.1697692871094
2023-07-27,438.2449035644531
2023-07-28,442.5354309082031
2023-07-31,443.3780212402344
2023-08-01,442.1092529296875
2023-08-02,435.9591979980469
2023-08-03,434.7098083496094
2023-08-04,432.7436828613281
2023-08-07,436.5209045410156
2023-08-08,434.6225891113281
2023-08-09,431.7170715332031
2023-08-10,431.8720397949219
2023-08-11,431.6202392578125
2023-08-14,434.0027770996094
2023-08-15,428.94708251953125
2023-08-16,425.7994384765625
2023-08-17,422.5549011230469
2023-08-18,422.75823974609375
2023-08-21,425.5088806152344
2023-08-22,424.3563537597656
2023-08-23,429.0827331542969
2023-08-24,423.1360168457031
2023-08-25,426.1190185546875
2023-08-28,428.8211975097656
2023-08-29,435.01971435546875
2023-08-30,436.8114929199219
2023-08-31,436.17230224609375
2023-09-01,436.98577880859375
2023-09-05,435.0971984863281
2023-09-06,432.1722717285156
2023-09-07,430.84539794921875
2023-09-08,431.4942626953125
2023-09-11,434.33209228515625
2023-09-12,431.94952392578125
2023-09-13,432.4531555175781
2023-09-14,436.18194580078125
2023-09-15,430.9266357421875
2023-09-18,431.1794128417969
2023-09-19,430.28515625
2023-09-20,426.3294677734375
2023-09-21,419.282958984375
2023-09-22,418.3401184082031
2023-09-25,420.0993347167969
2023-09-26,413.9275207519531
2023-09-27,414.0928039550781
2023-09-28,416.4934387207031
2023-09-29,415.48260498046875
2023-10-02,415.31744384765625
2023-10-03,409.7579040527344
2023-10-04,412.74176025390625
2023-10-05,412.58624267578125
2023-10-06,417.48480224609375
2023-10-09,420.15765380859375
2023-10-10,422.3445129394531
2023-10-11,424.07452392578125
2023-10-12,421.48919677734375
2023-10-13,419.38983154296875
2023-10-16,423.80242919921875
2023-10-17,423.782958984375
2023-10-18,418.13604736328125
2023-10-19,414.4621276855469
2023-10-20,409.369140625
2023-10-23,408.65960693359375
2023-10-24,411.7406921386719
2023-10-25,405.8313293457031
2023-10-26,400.97161865234375
2023-10-27,399.1541442871094
2023-10-30,403.92633056640625
2023-10-31,406.46307373046875
2023-11-01,410.79791259765625
2023-11-02,418.6706237792969
2023-11-03,422.4902648925781
2023-11-06,423.4621887207031
2023-11-07,424.6673889160156
2023-11-08,424.9784240722656
2023-11-09,421.6641540527344
2023-11-10,428.244140625
2023-11-13,427.83587646484375
2023-11-14,436.13623046875
2023-11-15,437.0595397949219
2023-11-16,437.5941467285156
2023-11-17,438.138427734375
2023-11-20,441.5110778808594
2023-11-21,440.5487976074219
2023-11-22,442.24969482421875
2023-11-24,442.5218200683594
2023-11-27,441.72491455078125
2023-11-28,442.1622009277344
2023-11-29,441.8512268066406
2023-11-30,443.5909423828125
2023-12-01,446.2151794433594
2023-12-04,443.8728332519531
2023-12-05,443.7854309082031
2023-12-06,441.9970397949219
2023-12-07,445.3695983886719
2023-12-08,447.2843933105469
2023-12-11,449.0240783691406
2023-12-12,451.0748596191406
2023-12-13,457.2952575683594
2023-12-14,458.76287841796875
2023-12-15,458.0075378417969
2023-12-18,460.5838623046875
2023-12-19,463.3846130371094
2023-12-20,456.96337890625
2023-12-21,461.2962341308594
2023-12-22,462.22332763671875
2023-12-26,464.17510986328125
2023-12-27,465.01434326171875
2023-12-28,465.18994140625
2023-12-29,463.84326171875
2024-01-02,461.2474670410156
2024-01-03,457.4805603027344
2024-01-04,456.0069885253906
2024-01-05,456.6316223144531
2024-01-08,463.150390625
2024-01-09,462.4478454589844
2024-01-10,465.0631408691406
2024-01-11,464.8581848144531
2024-01-12,465.18017578125
2024-01-16,463.4724426269531
2024-01-17,460.8961181640625
2024-01-18,464.99481201171875
2024-01-19,470.7914733886719
2024-01-22,471.7869567871094
2024-01-23,473.162841796875
2024-01-24,473.68011474609375
2024-01-25,476.2564392089844
2024-01-26,475.6513977050781
2024-01-29,479.4182434082031
2024-01-30,479.0473937988281
2024-01-31,471.2306823730469
2024-02-01,477.3981628417969
2024-02-02,482.4239807128906
2024-02-05,480.6673889160156
2024-02-06,482.0628662109375
2024-02-07,486.0835266113281
2024-02-08,486.29815673828125
2024-02-09,489.10870361328125
2024-02-12,488.8940124511719
2024-02-13,482.1604919433594
2024-02-14,486.5421142578125
2024-02-15,489.899169921875
2024-02-16,487.45947265625
2024-02-20,484.7758483886719
2024-02-21,485.2149353027344
2024-02-22,495.2566833496094
2024-02-23,495.5982666015625
2024-02-26,493.7831115722656
2024-02-27,494.700439453125
2024-02-28,494.0466003417969
2024-02-29,495.8227233886719
2024-03-01,500.47760009765625
2024-03-04,499.9408874511719
2024-03-05,494.9444274902344
2024-03-06,497.4524230957031
2024-03-07,502.3903503417969
2024-03-08,499.3748779296875
2024-03-11,498.945556640625
2024-03-12,504.3128356933594
2024-03-13,503.52227783203125
2024-03-14,502.5270080566406
2024-03-15,499.0763244628906
2024-03-18,502.04241943359375
2024-03-19,504.8323669433594
2024-03-20,509.5015869140625
2024-03-21,511.1853942871094
2024-03-22,510.2162780761719
2024-03-25,508.8066711425781
2024-03-26,507.86688232421875
2024-03-27,512.135009765625
2024-03-28,512.0369873046875
2024-04-01,511.1461486816406
2024-04-02,507.8963317871094
2024-04-03,508.4542541503906
2024-04-04,502.248046875
2024-04-05,507.4949035644531
2024-04-08,507.77874755859375
2024-04-09,508.36614990234375
2024-04-10,503.2759094238281
2024-04-11,507.07403564453125
2024-04-12,500.0748291015625
2024-04-15,493.8098449707031
2024-04-16,492.9092102050781
2024-04-17,489.9920959472656
2024-04-18,488.9837951660156
2024-04-19,484.7158203125
2024-04-22,489.1795959472656
2024-04-23,494.9844970703125
2024-04-24,494.74957275390625
2024-04-25,492.8700256347656
2024-04-26,497.5394592285156
2024-04-29,499.3014831542969
2024-04-30,491.3919372558594
2024-05-01,489.7962646484375
2024-05-02,494.37762451171875
2024-05-03,500.5055847167969
2024-05-06,505.67413330078125
2024-05-07,506.23223876953125
2024-05-08,506.2810974121094
2024-05-09,509.19818115234375
2024-05-10,509.85418701171875
2024-05-13,509.9226379394531
2024-05-14,512.26220703125
2024-05-15,518.6055908203125
2024-05-16,517.5384521484375
2024-05-17,518.2825317382812
2024-05-20,518.8795776367188
2024-05-21,520.1522827148438
2024-05-22,518.6544799804688
2024-05-23,514.8660888671875
2024-05-24,518.2727661132812
2024-05-28,518.6348876953125
2024-05-29,515.0031127929688
2024-05-30,511.5867614746094
2024-05-31,516.2463989257812
2024-06-03,516.6672973632812
2024-06-04,517.244873046875
2024-06-05,523.392333984375
2024-06-06,523.3826904296875
2024-06-07,522.746337890625
2024-06-10,524.3615112304688
2024-06-11,525.6243286132812
2024-06-12,529.9412841796875
2024-06-13,531.0082397460938
2024-06-14,531.3314208984375
2024-06-17,535.5601806640625
2024-06-18,536.9208984375
2024-06-20,535.46240234375
2024-06-21,534.7444458007812
2024-06-24,533.0062255859375
2024-06-25,535.0587768554688
2024-06-26,535.7265625
2024-06-27,536.571044921875
2024-06-28,534.4595947265625
2024-07-01,535.5596313476562
2024-07-02,539.1637573242188
2024-07-03,541.56982421875
2024-07-05,544.6928100585938
2024-07-08,545.3212890625
2024-07-09,545.8516235351562
2024-07-10,551.2529907226562
2024-07-11,546.499755859375
2024-07-12,549.9468383789062
2024-07-15,551.4592895507812
2024-07-16,554.7294311523438
2024-07-17,546.9515380859375
2024-07-18,542.7482299804688
2024-07-19,539.14404296875
2024-07-22,544.70263671875
2024-07-23,543.8482666015625
2024-07-24,531.5232543945312
2024-07-25,528.75390625
2024-07-26,534.6756591796875
2024-07-29,534.9900512695312
2024-07-30,532.2794799804688
2024-07-31,540.931396484375
2024-08-01,533.2713623046875
2024-08-02,523.3427124023438
2024-08-05,508.10101318359375
2024-08-06,512.7855224609375
2024-08-07,509.3580322265625
2024-08-08,521.1329956054688
2024-08-09,523.4310302734375
2024-08-12,523.7060546875
2024-08-13,532.3187255859375
2024-08-14,533.9981079101562
2024-08-15,543.1510009765625
2024-08-16,544.3687133789062
2024-08-19,549.5736083984375
2024-08-20,548.6799926757812
2024-08-21,550.5655517578125
2024-08-22,546.244384765625
2024-08-23,552.0484619140625
2024-08-26,550.732421875
2024-08-27,551.4886474609375
2024-08-28,548.287109375
2024-08-29,548.3362426757812
2024-08-30,553.5706176757812
2024-09-03,542.1786499023438
2024-09-04,541.0689697265625
2024-09-05,539.7529296875
2024-09-06,530.6687622070312
2024-09-09,536.6102905273438
2024-09-10,538.9476318359375
2024-09-11,544.4766845703125
2024-09-12,549.06298828125
2024-09-13,551.9306030273438
2024-09-16,552.7457885742188
2024-09-17,552.9715576171875
2024-09-18,551.33154296875
2024-09-19,560.73974609375
2024-09-20,559.7704467773438
2024-09-23,561.169189453125
2024-09-24,562.77490234375
2024-09-25,561.5336303710938
2024-09-26,563.7599487304688
2024-09-27,562.9423217773438
2024-09-30,565.1981811523438
2024-10-01,560.1348876953125
2024-10-02,560.371337890625
2024-10-03,559.3468017578125
2024-10-04,564.4297485351562
2024-10-07,559.3270874023438
2024-10-08,564.616943359375
2024-10-09,568.5277099609375
2024-10-10,567.5327758789062
2024-10-11,570.9313354492188
2024-10-14,575.6005859375
2024-10-15,571.12841796875
2024-10-16,573.6107177734375
2024-10-17,573.6600341796875
2024-10-18,575.8665771484375
2024-10-21,574.9208984375
2024-10-22,574.6155395507812
2024-10-23,569.364990234375
2024-10-24,570.5963745117188
2024-10-25,570.3993530273438
2024-10-28,572.1626586914062
2024-10-29,573.088623046875
2024-10-30,571.3549194335938
2024-10-31,560.154541015625
2024-11-01,562.5187377929688
2024-11-04,561.30712890625
2024-11-05,568.09423828125
2024-11-06,582.2202758789062
2024-11-07,586.7221069335938
2024-11-08,589.2636108398438
2024-11-11,589.8251342773438
2024-11-12,587.992919921875
2024-11-13,588.278564453125
2024-11-14,584.4957885742188
2024-11-15,577.0092163085938
2024-11-18,579.3734741210938
2024-11-19,581.4913330078125
2024-11-20,581.6883544921875
2024-11-21,584.8110961914062
2024-11-22,586.6235961914062
2024-11-25,588.6134643554688
2024-11-26,591.6869506835938
2024-11-27,589.8941040039062
2024-11-29,593.5585327148438
2024-12-02,594.6224365234375
2024-12-03,594.8982543945312
2024-12-04,598.5922241210938
2024-12-05,597.6072387695312
2024-12-06,598.7400512695312
2024-12-09,595.65673828125
2024-12-10,593.8047485351562
2024-12-11,598.395263671875
2024-12-12,595.31201171875
2024-12-13,595.19384765625
2024-12-16,597.7352294921875
2024-12-17,595.2725830078125
2024-12-18,577.5313720703125
2024-12-19,577.3539428710938
2024-12-20,584.2886352539062
2024-12-23,587.7875366210938
2024-12-24,594.3207397460938
2024-12-26,594.3604125976562
2024-12-27,588.103759765625
2024-12-30,581.392578125
2024-12-31,579.2774047851562
2025-01-02,577.8541870117188
2025-01-03,585.0792846679688
2025-01-06,588.4496459960938
2025-01-07,581.7977905273438
2025-01-08,582.6478881835938
2025-01-10,573.7523193359375
2025-01-13,574.6419067382812
2025-01-14,575.4325561523438
2025-01-15,585.8997192382812
2025-01-16,584.77294921875
2025-01-17,590.6439819335938
2025-01-21,596.0504760742188
2025-01-22,599.401123046875
2025-01-23,602.6726684570312
2025-01-24,600.9132690429688
2025-01-27,592.4132080078125
2025-01-28,597.5034790039062
2025-01-29,594.8248901367188
2025-01-30,598.017333984375
2025-01-31,594.834716796875
2025-02-03,590.831787109375
2025-02-04,594.7952270507812
2025-02-05,597.2068481445312
2025-02-06,599.2825317382812
2025-02-07,593.7969970703125
2025-02-10,597.82958984375
2025-02-11,598.2843017578125
2025-02-12,596.3568725585938
2025-02-13,602.6528930664062
2025-02-14,602.623291015625
2025-02-18,604.3925170898438
2025-02-19,605.8157958984375
2025-02-20,603.29541015625
2025-02-21,592.9765625
2025-02-24,590.2782592773438
2025-02-25,587.3427124023438
2025-02-26,587.6392211914062
2025-02-27,578.2593994140625
2025-02-28,587.2833862304688
2025-03-03,576.9942626953125
2025-03-04,570.1644897460938
2025-03-05,576.29248046875
2025-03-06,566.0626220703125
2025-03-07,569.2353515625
2025-03-10,554.0734252929688
2025-03-11,549.467529296875
2025-03-12,552.38330078125
2025-03-13,545.0197143554688
2025-03-14,556.2775268554688
2025-03-17,560.5672607421875
2025-03-18,554.5083618164062
2025-03-19,560.5474243164062
2025-03-20,558.9263916015625
2025-03-21,559.11083984375
2025-03-24,569.1236572265625
2025-03-25,570.49169921875
2025-03-26,563.6810913085938
2025-03-27,562.18408203125
2025-03-28,550.8626708984375
2025-03-31,554.5604858398438
2025-04-01,556.1268310546875
2025-04-02,559.646240234375
2025-04-03,532.06640625
2025-04-04,500.9176330566406
2025-04-07,500.025390625
2025-04-08,492.1936340332031
2025-04-09,543.8834838867188
2025-04-10,520.0509643554688
2025-04-11,529.3301391601562
2025-04-14,534.4654541015625
2025-04-15,532.968505859375
2025-04-16,521.1216430664062
2025-04-17,521.8651733398438
2025-04-21,509.4433898925781
2025-04-22,522.6979370117188
2025-04-23,530.79736328125
2025-04-24,541.9701538085938
2025-04-25,545.8860473632812
2025-04-28,546.09423828125
2025-04-29,549.5342407226562
2025-04-30,549.7523193359375
2025-05-01,553.6483764648438
2025-05-02,561.8668212890625
2025-05-05,558.6448364257812
2025-05-06,553.9755859375
2025-05-07,556.3052978515625
2025-05-08,560.1815795898438
2025-05-09,559.4677124023438
2025-05-12,577.9567260742188
2025-05-13,581.7734985351562
2025-05-14,582.5170288085938
2025-05-15,585.3622436523438
2025-05-16,589.0698852539062
2025-05-19,589.7142944335938
2025-05-20,587.7315673828125
2025-05-21,577.8278198242188
2025-05-22,578.055908203125
2025-05-23,574.1101684570312
2025-05-27,586.0463256835938
2025-05-28,582.6558227539062
2025-05-29,584.9557495117188
2025-05-30,584.301513671875
2025-06-02,587.5928344726562
2025-06-03,590.943603515625
2025-06-04,590.7850341796875
2025-06-05,587.9298706054688
2025-06-06,593.96728515625
2025-06-09,594.5026245117188
2025-06-10,597.873291015625
2025-06-11,596.1681518554688
2025-06-12,598.5374755859375
2025-06-13,591.845703125
2025-06-16,597.4767456054688
2025-06-17,592.3712158203125
2025-06-18,592.281982421875
2025-06-20,590.8909912109375
2025-06-23,596.7274780273438
2025-06-24,603.3196411132812
2025-06-25,603.65771484375
2025-06-26,608.380615234375
2025-06-27,611.4032592773438
2025-06-30,614.3264770507812
2025-07-01,614.127685546875
2025-07-02,616.9117431640625
2025-07-03,621.7738647460938
2025-07-07,617.1403198242188
2025-07-08,616.8023681640625
2025-07-09,620.5010986328125
2025-07-10,622.2510375976562
2025-07-11,620.0636596679688
2025-07-14,621.246826171875
2025-07-15,618.592041015625
2025-07-16,620.66015625
2025-07-17,624.4583740234375
2025-07-18,624.0010375976562
2025-07-21,625.1842651367188
2025-07-22,625.2737426757812
2025-07-23,630.5932006835938
2025-07-24,630.802001953125
2025-07-25,633.4667358398438
2025-07-28,633.3076782226562
2025-07-29,631.6372680664062
2025-07-30,630.841796875
2025-07-31,628.475341796875
2025-08-01,618.1743774414062
2025-08-04,627.570556640625
2025-08-05,624.3887939453125
2025-08-06,629.17138671875
2025-08-07,628.6444091796875
2025-08-08,633.5462646484375
2025-08-11,632.29345703125
2025-08-12,639.0248413085938
2025-08-13,641.2123413085938
2025-08-14,641.27197265625
2025-08-15,639.7705688476562
2025-08-18,639.6314086914062
2025-08-19,636.1612548828125
2025-08-20,634.470947265625
2025-08-21,631.9255981445312
2025-08-22,641.6299438476562
2025-08-25,638.8060913085938
2025-08-26,641.4807739257812
2025-08-27,642.9423828125
2025-08-28,645.2192993164062
2025-08-29,641.3713989257812
2025-09-02,636.6187133789062
2025-09-03,640.06884765625
2025-09-04,645.418212890625
2025-09-05,643.5488891601562
2025-09-08,645.1298828125
2025-09-09,646.6212768554688
2025-09-10,648.4905395507812
2025-09-11,653.8796997070312
2025-09-12,653.6608276367188
2025-09-15,657.1409301757812
2025-09-16,656.2361450195312
2025-09-17,655.4208374023438
2025-09-18,658.4832153320312
2025-09-19,661.74462890625
2025-09-22,664.8753662109375
2025-09-23,661.256103515625
2025-09-24,659.1522216796875
2025-09-25,656.1112670898438
2025-09-26,659.8701782226562
2025-09-29,661.7246704101562
2025-09-30,664.21728515625
2025-10-01,666.4806518554688
2025-10-02,667.248291015625
2025-10-03,667.2384033203125
2025-10-06,669.6312866210938
2025-10-07,667.1486206054688
2025-10-08,671.1268920898438
2025-10-09,669.1826171875
2025-10-10,651.0960693359375
2025-10-13,661.0865478515625
2025-10-14,660.2789306640625
2025-10-15,663.2102661132812
2025-10-16,658.6936645507812
2025-10-17,662.4326171875
2025-10-20,669.3222045898438
2025-10-21,669.3121948242188
2025-10-22,665.83251953125
2025-10-23,669.7808837890625
2025-10-24,675.2546997070312
2025-10-27,683.2211303710938
2025-10-28,685.0357666015625
2025-10-29,685.3648071289062
2025-10-30,677.8270874023438
2025-10-31,680.050537109375
2025-11-03,681.3267822265625
2025-11-04,673.2506103515625
2025-11-05,675.583740234375
2025-11-06,668.3351440429688
2025-11-07,668.9931640625
2025-11-10,679.432373046875
2025-11-11,680.9877319335938
2025-11-12,681.3666381835938
2025-11-13,670.0599975585938
2025-11-14,669.9503784179688
2025-11-17,663.7088012695312
2025-11-18,658.1353149414062
2025-11-19,660.6777954101562
2025-11-20,650.6075439453125
2025-11-21,657.08837890625
2025-11-24,666.759765625
2025-11-25,673.03125
2025-11-26,677.6775512695312
2025-11-28,681.3765869140625
2025-12-01,678.2658081054688
2025-12-02,679.5220947265625
2025-12-03,681.8751220703125
2025-12-04,682.3736572265625
2025-12-05,683.6697998046875
2025-12-08,681.6159057617188
2025-12-09,681.027587890625
2025-12-10,685.5443115234375
2025-12-11,687.1395263671875
2025-12-12,679.7514038085938
2025-12-15,678.7244262695312
2025-12-16,676.8699340820312
2025-12-17,669.4219360351562
2025-12-18,674.4769287109375
2025-12-19,680.5900268554688
2025-12-22,684.8300170898438
2025-12-23,687.9600219726562
2025-12-24,690.3800048828125
2025-12-26,690.3099975585938
